lens,state,seconds,percent_of_lens_time,ci95_low,ci95_high
joint,both_off,2024.977,4.215854186000395,3.537606205545441,5.048324097450705
joint,gaze_only,4759.827,9.909612100575808,8.23025268341544,11.894357706644106
joint,no_fixation,12132.062,25.258066816322515,23.193658646001428,27.50888828469348
joint,adjacent,3187.466,6.636071362210007,5.801066882137429,7.490534787328883
joint,neither_recorded,5244.02,10.91766655545707,8.89904119142579,12.71504783937927
joint,no_cursor,8811.874,18.3456779456794,14.918346771480731,21.507099767100623
joint,other,1959.194,4.0788987855599625,3.473248484835021,4.6960425329455715
joint,same,6223.798,12.957492777014695,11.34571991220753,14.920586770796735
joint,cursor_only,3689.207,7.680659471180146,6.7001862570838915,8.676371044438765
target,both_off,13102.257,27.27794193193452,24.9843688235213,29.748887248570664
target,gaze_on_cursor_off,2583.337,5.378318916856686,4.734206486998877,6.127701031441229
target,no_fixation,12132.062,25.258066816322515,23.193658646001428,27.50888828469348
target,both_on,3398.671,7.075784743327033,6.287440188375726,8.018905693749229
target,neither_recorded,5244.02,10.91766655545707,8.89904119142579,12.71504783937927
target,no_cursor,8811.874,18.3456779456794,14.918346771480731,21.507099767100623
target,cursor_on_gaze_off,2760.204,5.7465430904227714,5.0785595935566175,6.460030283250199
gaze_aoi,in_aoi,22510.86,46.86596606354978,45.091762222087155,48.37101136505476
gaze_aoi,off_aoi,8145.483,16.958300564670637,16.016776978267732,17.914733792409468
gaze_aoi,unmatched,17376.082,36.175733371779586,34.6205274822052,38.0583813249654
gaze_fold,above,22406.06,46.64778011936728,44.22791945152188,49.01153342737343
gaze_fold,unmatched,17376.082,36.175733371779586,34.6205274822052,38.0583813249654
gaze_fold,below,8242.015,17.159273136844536,15.514657847085136,18.77954764275549
gaze_fold,outside_page,8.268,0.017213372008596278,0.003858563930225554,0.03530133737877757
cursor_aoi,in_aoi,23140.44,48.17670563166444,43.007930431353145,53.50737611301364
cursor_aoi,off_aoi,10836.091,22.559949867199084,19.004269949639696,26.675987677130692
cursor_aoi,unmatched,14055.894,29.263344501136473,24.04579343143182,34.01175284926197
cursor_fold,above,27195.627,56.61930872738572,53.08678364229626,60.55788146704891
cursor_fold,unmatched,14055.894,29.263344501136473,24.04579343143182,34.01175284926197
cursor_fold,below,6635.211,13.814024588598222,11.475754243936326,16.295328309848134
cursor_fold,outside_page,145.693,0.303322182879586,0.026389670929198198,0.8308580124643806
target_earlier,both_off,11525.973,31.548408033383254,28.948160558106384,34.28016093834526
target_earlier,gaze_on_cursor_off,1942.519,5.316981223589505,4.623379507836796,6.175739385402022
target_earlier,no_fixation,9489.282,25.97366317618817,23.7415591669434,28.32930151654937
target_earlier,neither_recorded,3893.16,10.656193643629596,8.677880467273352,12.479332078615439
target_earlier,no_cursor,6557.402,17.948644677106515,14.475684975853428,21.228355576053037
target_earlier,both_on,1595.845,4.368079746328965,3.6670670150899802,5.123737009691555
target_earlier,cursor_on_gaze_off,1530.065,4.188029499773993,3.583007176081809,4.832233931663497
joint_earlier,gaze_only,4028.238,11.025923458226016,9.101664226509621,13.242097412112422
joint_earlier,no_fixation,9489.282,25.97366317618817,23.7415591669434,28.32930151654937
joint_earlier,adjacent,2331.0,6.380315061107324,5.532039260238241,7.235095133874143
joint_earlier,both_off,1757.4,4.810281290600606,4.0143861416679245,5.800146071526388
joint_earlier,neither_recorded,3893.16,10.656193643629596,8.677880467273352,12.479332078615439
joint_earlier,no_cursor,6557.402,17.948644677106515,14.475684975853428,21.228355576053037
joint_earlier,other,1546.694,4.2335456984660365,3.567939220425651,4.898710402077148
joint_earlier,same,4160.618,11.388268420812626,9.557782754679987,13.500248479339623
joint_earlier,cursor_only,2770.452,7.583164573863109,6.544568265052702,8.657903837867533
target_approach,both_off,1576.284,13.708988179780468,12.386944597395336,15.12617217764325
target_approach,gaze_on_cursor_off,640.818,5.573212940936125,4.901378255794686,6.355251185505568
target_approach,no_fixation,2642.78,22.984335171682403,21.124119517191755,25.23736192138308
target_approach,both_on,1802.826,15.679230598166892,13.760567630893275,18.16966819956755
target_approach,cursor_on_gaze_off,1230.139,10.6985549624858,9.248958085014275,12.406069677974985
target_approach,neither_recorded,1350.86,11.748469040184537,9.225283157499954,13.941887041831892
target_approach,no_cursor,2254.472,19.607209106763776,15.595372887161245,23.249944488829037
joint_approach,both_off,267.577,2.327125016926593,1.8743397707994764,2.8721092952801044
joint_approach,gaze_only,731.589,6.36265099021332,5.145409404531962,7.704303670519281
joint_approach,no_fixation,2642.78,22.984335171682403,21.124119517191755,25.23736192138308
joint_approach,adjacent,856.466,7.448709921805879,6.449855200928467,8.60609661594957
joint_approach,same,2063.18,17.94353697224578,15.834232208477287,20.486548775029988
joint_approach,cursor_only,918.755,7.990439181717384,6.9655019066601715,9.159407308587593
joint_approach,other,412.5,3.58752459846033,3.028051930870997,4.169777402621831
joint_approach,neither_recorded,1350.86,11.748469040184537,9.225283157499954,13.941887041831892
joint_approach,no_cursor,2254.472,19.607209106763776,15.595372887161245,23.249944488829037
viewport,at_top,19037.55,39.63478837472811,36.38624117124061,43.45962428845738
viewport,scrolled,28994.875,60.36521162527189,56.54037571154262,63.61375882875939
motion,both_move,4974.2,10.384052540274684,8.748049125953276,12.537946524672982
motion,cursor_moves,2534.2,5.290351402751016,4.411183052566182,6.454904305717954
motion,gaze_moves,13134.9,27.420186504614602,25.73185092495805,29.250298844758515
motion,neither_moves,6710.2,14.00809564467677,12.20650529252612,16.137766170814103
motion,unclassified,20548.8,42.89731390768293,38.41404294799703,46.82637125814242
