tid,n_total_ads,n_ddtop,n_native,is_plain_top,survey_ms_K5,n_col_fix
p004-b1-t1,3,0,3,1,1347.0,20
p004-b1-t10,6,0,6,1,1722.0,43
p004-b1-t2,3,0,3,1,1532.0,35
p004-b1-t3,7,1,6,0,1111.0,36
p004-b1-t4,7,0,7,1,2633.0,15
p004-b1-t5,6,0,6,1,1010.0,51
p004-b1-t6,5,1,4,0,1150.0,38
p004-b1-t7,3,0,3,1,1164.0,18
p004-b1-t8,0,0,0,1,1693.0,29
p004-b1-t9,3,0,3,1,1809.0,60
p004-b2-t1,4,1,3,0,1166.0,25
p004-b2-t10,4,1,3,0,1085.0,72
p004-b2-t2,6,0,6,1,1031.0,37
p004-b2-t3,4,1,3,0,1207.0,58
p004-b2-t4,4,1,3,0,1225.0,50
p004-b2-t5,3,0,3,1,1284.0,79
p004-b2-t6,6,0,6,1,1844.0,88
p004-b2-t7,3,0,3,1,782.0,72
p004-b2-t8,2,1,1,0,991.0,41
p004-b2-t9,7,0,7,1,2300.0,95
p004-b3-t1,4,1,3,0,884.0,85
p004-b3-t10,6,0,6,1,1131.0,107
p004-b3-t2,1,1,0,0,1106.0,99
p004-b3-t3,1,0,1,1,1145.0,54
p004-b3-t4,4,1,3,0,740.0,143
p004-b3-t5,3,0,3,1,938.0,117
p004-b3-t6,2,1,1,0,1346.0,105
p004-b3-t7,6,1,5,0,958.0,97
p004-b3-t8,3,1,2,0,750.0,59
p004-b4-t1,7,0,7,1,992.0,76
p004-b4-t10,2,0,2,1,918.0,66
p004-b4-t2,3,1,2,0,2336.0,36
p004-b4-t3,2,0,2,1,802.0,120
p004-b4-t4,7,0,7,1,770.0,46
p004-b4-t5,4,1,3,0,542.0,110
p004-b4-t6,6,0,6,1,918.0,98
p004-b4-t7,4,1,3,0,2041.0,86
p004-b4-t8,3,0,3,1,1620.0,150
p004-b4-t9,4,1,3,0,910.0,117
p004-b5-t1,3,1,2,0,964.0,26
p004-b5-t10,3,0,3,1,3531.0,57
p004-b5-t2,7,0,7,1,2679.0,69
p004-b5-t3,6,0,6,1,2698.0,50
p004-b5-t4,3,0,3,1,1914.0,20
p004-b5-t5,1,1,0,0,1650.0,35
p004-b5-t6,4,0,4,1,4542.0,42
p004-b5-t7,4,1,3,0,917.0,39
p004-b5-t8,7,0,7,1,1091.0,92
p004-b5-t9,5,1,4,0,810.0,54
p004-b6-t1,2,0,2,1,1145.0,36
p004-b6-t10,1,1,0,0,1719.0,92
p004-b6-t2,2,1,1,0,1185.0,79
p004-b6-t3,6,0,6,1,1566.0,73
p004-b6-t4,4,1,3,0,990.0,29
p004-b6-t5,4,1,3,0,898.0,37
p004-b6-t6,5,0,5,1,2082.0,24
p004-b6-t7,2,1,1,0,1097.0,37
p004-b6-t8,3,0,3,1,1116.0,34
p004-b6-t9,2,0,2,1,1782.0,17
p005-b1-t1,4,1,3,0,1266.0,41
p005-b1-t10,4,1,3,0,952.0,80
p005-b1-t2,4,1,3,0,1259.0,62
p005-b1-t3,4,1,3,0,1841.0,58
p005-b1-t4,4,0,4,1,1177.0,64
p005-b1-t5,3,1,2,0,1585.0,69
p005-b1-t6,6,1,5,0,1510.0,96
p005-b1-t7,4,1,3,0,1463.0,72
p005-b1-t8,4,1,3,0,1444.0,97
p005-b1-t9,4,1,3,0,1085.0,95
p005-b2-t1,4,1,3,0,1191.0,55
p005-b2-t10,5,1,4,0,1173.0,65
p005-b2-t2,3,0,3,1,1995.0,74
p005-b2-t3,1,1,0,0,824.0,68
p005-b2-t4,2,0,2,1,1743.0,48
p005-b2-t5,4,1,3,0,677.0,77
p005-b2-t6,4,1,3,0,909.0,97
p005-b2-t7,3,1,2,0,1223.0,113
p005-b2-t8,1,0,1,1,775.0,87
p005-b2-t9,1,1,0,0,699.0,85
p005-b3-t1,4,1,3,0,590.0,97
p005-b3-t10,4,1,3,0,855.0,80
p005-b3-t2,4,1,3,0,1788.0,127
p005-b3-t3,3,0,3,1,1185.0,77
p005-b3-t4,3,1,2,0,960.0,124
p005-b3-t5,4,1,3,0,1044.0,115
p005-b3-t6,3,0,3,1,1099.0,103
p005-b3-t7,3,0,3,1,1792.0,55
p005-b3-t8,4,1,3,0,1099.0,71
p005-b3-t9,4,1,3,0,1476.0,88
p005-b4-t1,1,0,1,1,1445.0,119
p005-b4-t10,2,0,2,1,899.0,56
p005-b4-t2,4,1,3,0,1120.0,70
p005-b4-t3,3,0,3,1,1017.0,62
p005-b4-t4,4,0,4,1,3034.0,60
p005-b4-t5,5,0,5,1,2510.0,60
p005-b4-t6,3,0,3,1,3529.0,67
p005-b4-t7,4,1,3,0,1119.0,68
p005-b4-t8,3,0,3,1,2168.0,61
p005-b4-t9,1,0,1,1,1540.0,22
p005-b5-t1,4,1,3,0,804.0,46
p005-b5-t10,4,1,3,0,1252.0,55
p005-b5-t2,3,0,3,1,2464.0,102
p005-b5-t3,5,1,4,0,855.0,81
p005-b5-t4,4,1,3,0,1426.0,88
p005-b5-t5,7,0,7,1,1152.0,48
p005-b5-t6,6,1,5,0,857.0,60
p005-b5-t7,4,1,3,0,1511.0,121
p005-b5-t8,4,0,4,1,1409.0,50
p005-b5-t9,1,1,0,0,799.0,55
p005-b6-t1,3,0,3,1,1149.0,69
p005-b6-t10,3,0,3,1,1406.0,106
p005-b6-t3,3,0,3,1,2505.0,47
p005-b6-t4,6,0,6,1,5933.0,14
p005-b6-t5,3,0,3,1,4615.0,21
p005-b6-t8,4,1,3,0,6295.0,56
p005-b6-t9,4,1,3,0,1346.0,142
p006-b1-t1,3,0,3,1,945.0,141
p006-b1-t10,7,0,7,1,723.0,83
p006-b1-t2,4,1,3,0,1035.0,102
p006-b1-t3,7,0,7,1,1414.0,74
p006-b1-t4,5,1,4,0,769.0,98
p006-b1-t5,5,1,4,0,690.0,147
p006-b1-t6,4,1,3,0,924.0,172
p006-b1-t7,5,1,4,0,730.0,154
p006-b1-t8,3,0,3,1,715.0,81
p006-b1-t9,2,0,2,1,754.0,39
p006-b2-t1,4,1,3,0,827.0,156
p006-b2-t10,5,1,4,0,1143.0,96
p006-b2-t2,2,0,2,1,934.0,47
p006-b2-t3,3,0,3,1,1156.0,145
p006-b2-t4,3,0,3,1,716.0,74
p006-b2-t5,3,0,3,1,1782.0,113
p006-b2-t6,1,1,0,0,569.0,125
p006-b2-t7,4,1,3,0,1324.0,139
p006-b2-t8,7,0,7,1,824.0,69
p006-b2-t9,4,1,3,0,717.0,76
p006-b3-t1,1,0,1,1,831.0,152
p006-b3-t10,1,1,0,0,1605.0,71
p006-b3-t2,5,1,4,0,931.0,163
p006-b3-t3,5,1,4,0,649.0,92
p006-b3-t4,4,1,3,0,717.0,52
p006-b3-t5,4,1,3,0,974.0,60
p006-b3-t6,6,0,6,1,1023.0,30
p006-b3-t7,1,0,1,1,1284.0,167
p006-b3-t8,3,0,3,1,673.0,77
p006-b3-t9,3,0,3,1,850.0,123
p006-b4-t1,7,0,7,1,879.0,65
p006-b4-t10,3,1,2,0,1017.0,106
p006-b4-t2,7,0,7,1,1110.0,57
p006-b4-t3,3,1,2,0,2566.0,165
p006-b4-t4,3,0,3,1,1000.0,58
p006-b4-t5,3,0,3,1,1045.0,88
p006-b4-t6,4,1,3,0,706.0,94
p006-b4-t7,3,0,3,1,1097.0,131
p006-b4-t8,1,0,1,1,2177.0,51
p006-b4-t9,2,0,2,1,582.0,90
p006-b5-t1,7,0,7,1,2225.0,119
p006-b5-t10,1,1,0,0,1185.0,45
p006-b5-t2,4,1,3,0,2692.0,45
p006-b5-t3,4,0,4,1,1466.0,63
p006-b5-t4,3,0,3,1,1547.0,67
p006-b5-t5,3,0,3,1,2716.0,53
p006-b5-t6,5,1,4,0,827.0,84
p006-b5-t7,4,1,3,0,1031.0,25
p006-b5-t8,4,1,3,0,1077.0,126
p006-b5-t9,7,0,7,1,1506.0,41
p006-b6-t1,6,1,5,0,740.0,39
p006-b6-t10,4,1,3,0,930.0,127
p006-b6-t2,3,1,2,0,764.0,66
p006-b6-t3,3,0,3,1,1668.0,28
p006-b6-t4,1,1,0,0,824.0,61
p006-b6-t5,4,1,3,0,946.0,41
p006-b6-t6,3,1,2,0,1005.0,80
p006-b6-t7,2,0,2,1,1651.0,46
p006-b6-t8,1,0,1,1,2419.0,39
p006-b6-t9,6,0,6,1,1895.0,47
p007-b1-t1,6,0,6,1,2243.0,68
p007-b1-t10,1,1,0,0,1211.0,60
p007-b1-t2,4,1,3,0,1513.0,52
p007-b1-t3,0,0,0,1,3764.0,39
p007-b1-t4,4,0,4,1,9497.0,58
p007-b1-t5,3,0,3,1,974.0,96
p007-b1-t6,4,1,3,0,1086.0,98
p007-b1-t7,6,0,6,1,3495.0,90
p007-b1-t8,4,1,3,0,1094.0,74
p007-b1-t9,2,1,1,0,1375.0,119
p007-b2-t1,4,0,4,1,3349.0,58
p007-b2-t10,1,0,1,1,2987.0,69
p007-b2-t2,3,1,2,0,969.0,66
p007-b2-t3,7,0,7,1,9705.0,63
p007-b2-t4,2,1,1,0,1285.0,48
p007-b2-t5,4,1,3,0,2277.0,141
p007-b2-t6,4,1,3,0,1607.0,98
p007-b2-t7,3,1,2,0,1393.0,101
p007-b2-t9,2,1,1,0,1539.0,129
p007-b3-t1,7,0,7,1,3885.0,59
p007-b3-t10,4,1,3,0,1948.0,93
p007-b3-t2,4,1,3,0,1004.0,107
p007-b3-t3,3,0,3,1,1520.0,107
p007-b3-t4,6,0,6,1,3128.0,71
p007-b3-t5,7,0,7,1,1451.0,62
p007-b3-t6,4,1,3,0,1166.0,72
p007-b3-t7,0,0,0,1,4226.0,56
p007-b3-t8,5,1,4,0,2578.0,101
p007-b3-t9,4,1,3,0,1212.0,40
p007-b4-t1,4,1,3,0,866.0,50
p007-b4-t10,4,1,3,0,2029.0,146
p007-b4-t2,7,0,7,1,5922.0,112
p007-b4-t3,3,1,2,0,1366.0,111
p007-b4-t4,3,0,3,1,1809.0,78
p007-b4-t5,3,0,3,1,762.0,54
p007-b4-t6,4,0,4,1,2183.0,59
p007-b4-t7,6,1,5,0,1334.0,123
p007-b4-t8,4,1,3,0,809.0,75
p007-b4-t9,3,0,3,1,2868.0,74
p007-b5-t1,4,1,3,0,1420.0,85
p007-b5-t10,3,0,3,1,2365.0,145
p007-b5-t2,4,0,4,1,1172.0,47
p007-b5-t3,4,1,3,0,1023.0,85
p007-b5-t4,5,1,4,0,965.0,90
p007-b5-t5,3,0,3,1,5473.0,64
p007-b5-t6,3,0,3,1,897.0,117
p007-b5-t7,6,0,6,1,1976.0,81
p007-b5-t8,5,1,4,0,857.0,127
p007-b5-t9,3,1,2,0,1487.0,27
p007-b6-t1,3,1,2,0,1139.0,95
p007-b6-t10,4,1,3,0,1145.0,48
p007-b6-t3,4,1,3,0,1379.0,56
p007-b6-t4,4,1,3,0,1079.0,67
p007-b6-t5,6,0,6,1,3812.0,99
p007-b6-t6,7,0,7,1,4422.0,113
p007-b6-t7,3,0,3,1,5211.0,90
p007-b6-t8,5,1,4,0,1347.0,44
p007-b6-t9,4,1,3,0,911.0,49
p008-b1-t1,4,1,3,0,1084.0,86
p008-b1-t10,3,0,3,1,2532.0,86
p008-b1-t2,4,1,3,0,957.0,76
p008-b1-t3,4,1,3,0,1205.0,129
p008-b1-t4,5,1,4,0,1087.0,164
p008-b1-t5,1,0,1,1,2291.0,57
p008-b1-t6,3,0,3,1,1514.0,154
p008-b1-t7,6,0,6,1,1740.0,49
p008-b1-t9,5,1,4,0,1313.0,90
p008-b2-t1,2,0,2,1,1023.0,84
p008-b2-t10,4,1,3,0,1051.0,83
p008-b2-t2,3,0,3,1,1340.0,50
p008-b2-t3,4,1,3,0,1908.0,114
p008-b2-t4,7,0,7,1,903.0,88
p008-b2-t5,6,0,6,1,3854.0,44
p008-b2-t6,6,1,5,0,1548.0,58
p008-b2-t7,4,1,3,0,844.0,81
p008-b2-t8,3,0,3,1,1473.0,31
p008-b2-t9,3,0,3,1,1828.0,66
p008-b3-t1,4,1,3,0,957.0,89
p008-b3-t10,4,0,4,1,17563.0,8
p008-b3-t2,7,0,7,1,22420.0,17
p008-b3-t3,4,1,3,0,1151.0,87
p008-b3-t4,6,0,6,1,2000.0,100
p008-b3-t5,6,1,5,0,1587.0,100
p008-b3-t6,4,1,3,0,1065.0,112
p008-b3-t7,3,0,3,1,2573.0,47
p008-b3-t8,4,1,3,0,1031.0,66
p008-b3-t9,6,0,6,1,2184.0,31
p008-b4-t1,6,1,5,0,1212.0,83
p008-b4-t10,2,1,1,0,677.0,103
p008-b4-t2,4,1,3,0,1119.0,66
p008-b4-t3,4,1,3,0,2029.0,85
p008-b4-t4,5,0,5,1,2759.0,45
p008-b4-t5,3,0,3,1,2090.0,64
p008-b4-t6,3,0,3,1,2712.0,56
p008-b4-t7,7,0,7,1,1944.0,61
p008-b4-t8,7,0,7,1,1312.0,58
p008-b4-t9,7,0,7,1,2746.0,38
p008-b5-t1,4,1,3,0,1401.0,88
p008-b5-t10,4,1,3,0,1084.0,84
p008-b5-t2,3,0,3,1,2457.0,71
p008-b5-t3,4,1,3,0,1219.0,72
p008-b5-t4,4,1,3,0,1775.0,57
p008-b5-t5,7,0,7,1,2652.0,74
p008-b5-t6,4,0,4,1,1588.0,45
p008-b5-t7,4,0,4,1,2411.0,46
p008-b5-t8,2,1,1,0,2746.0,65
p008-b5-t9,4,0,4,1,11870.0,12
p008-b6-t1,6,1,5,0,1165.0,71
p008-b6-t10,4,0,4,1,1164.0,65
p008-b6-t2,5,0,5,1,1011.0,55
p008-b6-t3,2,0,2,1,6035.0,27
p008-b6-t4,2,1,1,0,1004.0,75
p008-b6-t5,4,1,3,0,1796.0,127
p008-b6-t6,4,1,3,0,1012.0,66
p008-b6-t7,7,0,7,1,1488.0,57
p008-b6-t9,4,1,3,0,1526.0,74
p009-b1-t1,5,1,4,0,1487.0,97
p009-b1-t10,0,0,0,1,1156.0,76
p009-b1-t2,4,1,3,0,1072.0,143
p009-b1-t3,4,0,4,1,1675.0,27
p009-b1-t4,3,0,3,1,1922.0,74
p009-b1-t5,3,0,3,1,782.0,101
p009-b1-t6,1,1,0,0,1659.0,93
p009-b1-t7,3,0,3,1,2336.0,114
p009-b1-t8,5,1,4,0,1708.0,131
p009-b1-t9,1,1,0,0,1496.0,146
p009-b2-t1,4,1,3,0,1472.0,149
p009-b2-t10,4,1,3,0,937.0,160
p009-b2-t2,4,1,3,0,1158.0,146
p009-b2-t3,3,0,3,1,6608.0,51
p009-b2-t4,3,0,3,1,1411.0,74
p009-b2-t5,6,0,6,1,1364.0,160
p009-b2-t6,4,1,3,0,1587.0,211
p009-b2-t7,4,1,3,0,1244.0,136
p009-b2-t8,4,1,3,0,1306.0,133
p009-b2-t9,1,0,1,1,1668.0,64
p009-b3-t1,4,1,3,0,2317.0,118
p009-b3-t10,3,0,3,1,1144.0,81
p009-b3-t2,4,1,3,0,562.0,155
p009-b3-t3,3,0,3,1,1179.0,121
p009-b3-t4,4,1,3,0,912.0,116
p009-b3-t5,7,0,7,1,835.0,151
p009-b3-t6,4,1,3,0,1454.0,174
p009-b3-t7,2,1,1,0,824.0,133
p009-b3-t8,5,1,4,0,1541.0,106
p009-b3-t9,4,1,3,0,1011.0,162
p009-b4-t1,3,1,2,0,1420.0,119
p009-b4-t10,4,1,3,0,830.0,156
p009-b4-t2,4,1,3,0,1958.0,113
p009-b4-t4,4,1,3,0,988.0,84
p009-b4-t5,4,1,3,0,1252.0,133
p009-b4-t6,4,1,3,0,897.0,155
p009-b4-t7,7,0,7,1,2477.0,98
p009-b4-t8,4,1,3,0,797.0,71
p009-b4-t9,2,1,1,0,999.0,56
p009-b5-t1,5,1,4,0,1153.0,145
p009-b5-t10,4,1,3,0,990.0,116
p009-b5-t2,4,1,3,0,876.0,164
p009-b5-t3,5,1,4,0,1487.0,164
p009-b5-t4,7,0,7,1,1241.0,66
p009-b5-t5,7,1,6,0,2023.0,113
p009-b5-t6,4,1,3,0,1701.0,111
p009-b5-t7,6,0,6,1,1949.0,64
p009-b5-t8,5,1,4,0,1201.0,134
p009-b5-t9,4,1,3,0,1844.0,129
p009-b6-t1,4,1,3,0,889.0,110
p009-b6-t10,3,0,3,1,1238.0,57
p009-b6-t2,4,1,3,0,1452.0,140
p009-b6-t3,5,1,4,0,1847.0,143
p009-b6-t4,4,1,3,0,1279.0,127
p009-b6-t5,7,0,7,1,5828.0,33
p009-b6-t6,2,1,1,0,1194.0,106
p009-b6-t7,3,0,3,1,1752.0,64
p009-b6-t8,0,0,0,1,1138.0,94
p009-b6-t9,3,1,2,0,1234.0,86
p010-b1-t1,3,0,3,1,723.0,74
p010-b1-t10,7,0,7,1,4741.0,57
p010-b1-t2,4,1,3,0,784.0,130
p010-b1-t3,7,0,7,1,2904.0,64
p010-b1-t4,3,1,2,0,951.0,103
p010-b1-t5,4,0,4,1,923.0,142
p010-b1-t6,3,0,3,1,2090.0,115
p010-b1-t7,4,1,3,0,1815.0,77
p010-b1-t8,4,1,3,0,1352.0,78
p010-b1-t9,5,1,4,0,917.0,112
p010-b2-t1,4,1,3,0,888.0,58
p010-b2-t10,6,0,6,1,3583.0,96
p010-b2-t2,2,0,2,1,3978.0,67
p010-b2-t3,6,0,6,1,508.0,78
p010-b2-t4,3,0,3,1,2624.0,76
p010-b2-t5,1,1,0,0,897.0,78
p010-b2-t6,2,1,1,0,758.0,98
p010-b2-t7,4,1,3,0,1024.0,71
p010-b2-t8,1,1,0,0,1748.0,80
p010-b2-t9,4,1,3,0,665.0,89
p010-b3-t1,5,1,4,0,2505.0,110
p010-b3-t10,4,1,3,0,1252.0,32
p010-b3-t2,3,0,3,1,1386.0,64
p010-b3-t3,0,0,0,1,836.0,71
p010-b3-t4,4,1,3,0,992.0,51
p010-b3-t5,3,0,3,1,977.0,63
p010-b3-t6,7,1,6,0,777.0,61
p010-b3-t7,4,1,3,0,1252.0,73
p010-b3-t8,4,1,3,0,837.0,74
p010-b3-t9,2,0,2,1,1581.0,47
p010-b4-t1,3,1,2,0,1273.0,35
p010-b4-t10,4,1,3,0,1632.0,58
p010-b4-t2,4,1,3,0,1769.0,53
p010-b4-t3,6,1,5,0,2184.0,34
p010-b4-t4,6,0,6,1,1928.0,58
p010-b4-t5,4,1,3,0,756.0,75
p010-b4-t6,4,1,3,0,1922.0,56
p010-b4-t7,3,0,3,1,1548.0,56
p010-b4-t8,2,1,1,0,1185.0,60
p010-b4-t9,1,0,1,1,1387.0,52
p010-b5-t1,6,0,6,1,1741.0,60
p010-b5-t10,4,1,3,0,1632.0,121
p010-b5-t2,4,1,3,0,1640.0,56
p010-b5-t3,4,1,3,0,1528.0,64
p010-b5-t4,6,1,5,0,1078.0,73
p010-b5-t5,0,0,0,1,770.0,69
p010-b5-t6,4,1,3,0,2144.0,78
p010-b5-t7,5,1,4,0,1252.0,108
p010-b5-t8,2,0,2,1,3637.0,62
p010-b5-t9,2,1,1,0,3141.0,68
p010-b6-t1,7,0,7,1,5238.0,66
p010-b6-t10,6,1,5,0,1091.0,36
p010-b6-t2,4,1,3,0,1756.0,30
p010-b6-t3,1,0,1,1,1393.0,101
p010-b6-t4,4,1,3,0,1279.0,98
p010-b6-t5,3,0,3,1,2384.0,59
p010-b6-t6,4,1,3,0,1686.0,76
p010-b6-t7,0,0,0,1,5090.0,53
p010-b6-t8,4,1,3,0,1594.0,73
p010-b6-t9,7,0,7,1,1233.0,17
p011-b1-t1,2,1,1,0,1119.0,142
p011-b1-t10,5,0,5,1,9993.0,50
p011-b1-t2,4,1,3,0,1025.0,204
p011-b1-t3,4,0,4,1,1473.0,62
p011-b1-t4,3,0,3,1,1764.0,35
p011-b1-t5,4,1,3,0,663.0,127
p011-b1-t6,5,1,4,0,3925.0,107
p011-b1-t7,3,0,3,1,4802.0,82
p011-b1-t8,6,1,5,0,1131.0,219
p011-b1-t9,4,1,3,0,763.0,227
p011-b2-t1,4,1,3,0,664.0,148
p011-b2-t10,5,1,4,0,609.0,100
p011-b2-t2,4,1,3,0,683.0,101
p011-b2-t3,2,0,2,1,935.0,107
p011-b2-t4,4,1,3,0,744.0,171
p011-b2-t5,4,1,3,0,554.0,164
p011-b2-t6,2,0,2,1,651.0,79
p011-b2-t7,5,0,5,1,835.0,79
p011-b2-t8,3,0,3,1,952.0,102
p011-b2-t9,4,1,3,0,890.0,104
p011-b3-t1,4,1,3,0,761.0,150
p011-b3-t10,4,1,3,0,734.0,87
p011-b3-t2,3,0,3,1,724.0,66
p011-b3-t3,3,0,3,1,921.0,218
p011-b3-t4,6,0,6,1,1769.0,79
p011-b3-t5,4,1,3,0,824.0,69
p011-b3-t6,3,0,3,1,908.0,87
p011-b3-t7,3,1,2,0,992.0,121
p011-b3-t8,4,1,3,0,942.0,70
p011-b3-t9,0,0,0,1,1145.0,92
p011-b4-t1,7,1,6,0,1444.0,86
p011-b4-t10,4,1,3,0,990.0,102
p011-b4-t2,3,0,3,1,1589.0,59
p011-b4-t3,4,1,3,0,904.0,110
p011-b4-t4,3,0,3,1,2209.0,58
p011-b4-t5,6,0,6,1,2356.0,84
p011-b4-t6,4,1,3,0,777.0,162
p011-b4-t7,3,1,2,0,1334.0,140
p011-b4-t8,3,0,3,1,1056.0,124
p011-b4-t9,4,1,3,0,871.0,197
p011-b5-t1,6,1,5,0,986.0,192
p011-b5-t10,4,1,3,0,1078.0,137
p011-b5-t2,6,0,6,1,1185.0,77
p011-b5-t3,3,0,3,1,1095.0,70
p011-b5-t4,1,0,1,1,1311.0,105
p011-b5-t5,2,0,2,1,859.0,154
p011-b5-t6,6,1,5,0,738.0,144
p011-b5-t7,7,0,7,1,996.0,95
p011-b5-t9,3,1,2,0,875.0,96
p011-b6-t1,6,0,6,1,757.0,75
p011-b6-t10,5,1,4,0,1023.0,219
p011-b6-t2,7,0,7,1,1623.0,157
p011-b6-t3,5,1,4,0,876.0,99
p011-b6-t4,2,1,1,0,778.0,128
p011-b6-t5,7,0,7,1,1119.0,125
p011-b6-t6,4,1,3,0,1074.0,128
p011-b6-t7,7,0,7,1,786.0,84
p011-b6-t8,7,0,7,1,749.0,57
p011-b6-t9,3,1,2,0,517.0,129
p012-b1-t1,4,1,3,0,1460.0,61
p012-b1-t10,3,0,3,1,2042.0,65
p012-b1-t2,3,0,3,1,1280.0,38
p012-b1-t3,5,0,5,1,732.0,62
p012-b1-t4,3,1,2,0,955.0,60
p012-b1-t5,7,1,6,0,636.0,74
p012-b1-t6,3,0,3,1,648.0,71
p012-b1-t7,4,1,3,0,891.0,91
p012-b1-t8,4,1,3,0,809.0,93
p012-b1-t9,7,1,6,0,990.0,46
p012-b2-t1,2,0,2,1,1098.0,38
p012-b2-t10,7,0,7,1,944.0,98
p012-b2-t2,4,1,3,0,764.0,80
p012-b2-t3,4,1,3,0,1104.0,99
p012-b2-t4,3,1,2,0,1172.0,111
p012-b2-t5,7,0,7,1,4873.0,56
p012-b2-t6,2,1,1,0,971.0,57
p012-b2-t7,3,1,2,0,589.0,81
p012-b2-t8,1,1,0,0,1138.0,107
p012-b2-t9,4,1,3,0,838.0,165
p012-b3-t1,6,0,6,1,789.0,57
p012-b3-t10,5,1,4,0,889.0,115
p012-b3-t2,2,1,1,0,1842.0,51
p012-b3-t3,2,1,1,0,831.0,140
p012-b3-t4,4,1,3,0,945.0,66
p012-b3-t5,3,0,3,1,4482.0,119
p012-b3-t6,6,1,5,0,891.0,98
p012-b3-t7,4,1,3,0,615.0,171
p012-b3-t8,6,1,5,0,629.0,160
p012-b3-t9,2,0,2,1,1582.0,111
p012-b4-t1,4,1,3,0,843.0,42
p012-b4-t10,6,0,6,1,1736.0,58
p012-b4-t2,5,1,4,0,1366.0,110
p012-b4-t3,6,1,5,0,649.0,80
p012-b4-t4,4,0,4,1,857.0,85
p012-b4-t5,6,1,5,0,550.0,85
p012-b4-t6,4,1,3,0,642.0,64
p012-b4-t7,4,1,3,0,730.0,197
p012-b4-t8,4,1,3,0,898.0,56
p012-b4-t9,4,0,4,1,1744.0,126
p012-b5-t1,3,1,2,0,696.0,53
p012-b5-t10,4,1,3,0,1025.0,153
p012-b5-t2,0,0,0,1,784.0,105
p012-b5-t3,4,1,3,0,884.0,133
p012-b5-t4,6,1,5,0,742.0,82
p012-b5-t5,4,1,3,0,769.0,73
p012-b5-t6,4,1,3,0,1265.0,69
p012-b5-t7,4,1,3,0,790.0,59
p012-b5-t8,3,0,3,1,650.0,149
p012-b5-t9,4,1,3,0,743.0,117
p012-b6-t1,4,1,3,0,850.0,38
p012-b6-t10,3,0,3,1,1045.0,64
p012-b6-t2,1,1,0,0,864.0,97
p012-b6-t3,1,1,0,0,1125.0,90
p012-b6-t5,4,1,3,0,851.0,103
p012-b6-t6,4,1,3,0,917.0,22
p012-b6-t7,6,0,6,1,672.0,123
p012-b6-t8,3,0,3,1,884.0,95
p012-b6-t9,4,1,3,0,602.0,92
p013-b1-t1,4,1,3,0,1636.0,21
p013-b1-t10,5,1,4,0,1004.0,14
p013-b1-t2,5,1,4,0,870.0,18
p013-b1-t3,1,1,0,0,1091.0,23
p013-b1-t4,3,0,3,1,1203.0,25
p013-b1-t5,5,1,4,0,1158.0,26
p013-b1-t6,4,1,3,0,1466.0,18
p013-b1-t7,7,0,7,1,2912.0,5
p013-b1-t8,4,1,3,0,1180.0,13
p013-b1-t9,4,1,3,0,1353.0,24
p013-b2-t1,1,1,0,0,1003.0,12
p013-b2-t10,4,1,3,0,943.0,21
p013-b2-t2,2,1,1,0,951.0,15
p013-b2-t3,5,1,4,0,923.0,10
p013-b2-t4,3,0,3,1,884.0,27
p013-b2-t5,4,1,3,0,1380.0,25
p013-b2-t6,4,1,3,0,978.0,15
p013-b2-t7,4,1,3,0,1152.0,42
p013-b2-t8,4,1,3,0,896.0,25
p013-b2-t9,4,0,4,1,830.0,14
p013-b3-t1,4,1,3,0,1111.0,12
p013-b3-t10,4,1,3,0,650.0,22
p013-b3-t2,2,1,1,0,843.0,26
p013-b3-t3,7,1,6,0,803.0,22
p013-b3-t4,7,0,7,1,1166.0,23
p013-b3-t5,4,1,3,0,1144.0,32
p013-b3-t6,1,0,1,1,863.0,36
p013-b3-t7,4,1,3,0,951.0,25
p013-b3-t8,3,1,2,0,730.0,35
p013-b3-t9,4,1,3,0,1005.0,57
p013-b4-t1,3,0,3,1,1145.0,20
p013-b4-t10,0,0,0,1,1230.0,33
p013-b4-t2,4,1,3,0,979.0,26
p013-b4-t3,3,1,2,0,978.0,13
p013-b4-t4,2,0,2,1,716.0,17
p013-b4-t5,4,1,3,0,802.0,21
p013-b4-t6,1,0,1,1,1352.0,12
p013-b4-t7,3,1,2,0,2089.0,13
p013-b4-t8,4,1,3,0,1092.0,30
p013-b4-t9,4,1,3,0,964.0,35
p013-b5-t1,6,1,5,0,869.0,14
p013-b5-t10,3,0,3,1,1688.0,13
p013-b5-t2,3,0,3,1,911.0,13
p013-b5-t3,4,1,3,0,1123.0,11
p013-b5-t4,2,0,2,1,877.0,14
p013-b5-t5,4,1,3,0,984.0,25
p013-b5-t6,6,1,5,0,1561.0,15
p013-b5-t7,5,1,4,0,590.0,12
p013-b5-t8,4,1,3,0,803.0,21
p013-b5-t9,6,1,5,0,710.0,16
p013-b6-t1,4,1,3,0,977.0,12
p013-b6-t10,4,1,3,0,1427.0,16
p013-b6-t2,4,1,3,0,1104.0,9
p013-b6-t3,6,1,5,0,877.0,14
p013-b6-t4,4,1,3,0,1153.0,15
p013-b6-t5,3,1,2,0,924.0,17
p013-b6-t6,4,1,3,0,1015.0,16
p013-b6-t7,4,1,3,0,903.0,17
p013-b6-t8,5,1,4,0,1052.0,12
p013-b6-t9,3,0,3,1,930.0,9
p014-b1-t1,3,1,2,0,971.0,81
p014-b1-t10,4,0,4,1,649.0,100
p014-b1-t2,4,1,3,0,871.0,124
p014-b1-t3,4,1,3,0,888.0,158
p014-b1-t4,4,1,3,0,911.0,63
p014-b1-t5,7,0,7,1,871.0,79
p014-b1-t6,4,1,3,0,1546.0,152
p014-b1-t7,5,1,4,0,825.0,117
p014-b1-t8,4,0,4,1,2766.0,110
p014-b1-t9,6,1,5,0,729.0,195
p014-b2-t1,6,0,6,1,723.0,134
p014-b2-t10,6,0,6,1,2444.0,101
p014-b2-t2,4,1,3,0,997.0,141
p014-b2-t3,4,0,4,1,992.0,132
p014-b2-t4,2,0,2,1,858.0,148
p014-b2-t5,4,1,3,0,578.0,110
p014-b2-t6,7,1,6,0,624.0,180
p014-b2-t7,3,1,2,0,581.0,156
p014-b2-t8,4,1,3,0,698.0,96
p014-b2-t9,3,0,3,1,6369.0,98
p014-b3-t1,5,0,5,1,2591.0,103
p014-b3-t10,0,0,0,1,1024.0,50
p014-b3-t2,4,1,3,0,1314.0,163
p014-b3-t3,2,0,2,1,731.0,63
p014-b3-t4,2,1,1,0,750.0,74
p014-b3-t5,1,0,1,1,891.0,123
p014-b3-t6,6,0,6,1,702.0,77
p014-b3-t7,4,1,3,0,945.0,68
p014-b3-t8,3,0,3,1,779.0,84
p014-b3-t9,4,1,3,0,757.0,129
p014-b4-t1,4,1,3,0,1092.0,50
p014-b4-t10,2,1,1,0,676.0,44
p014-b4-t2,4,1,3,0,1393.0,57
p014-b4-t3,4,1,3,0,650.0,136
p014-b4-t4,4,1,3,0,790.0,93
p014-b4-t5,4,0,4,1,584.0,79
p014-b4-t6,3,0,3,1,754.0,74
p014-b4-t7,4,1,3,0,510.0,189
p014-b4-t8,5,1,4,0,769.0,58
p014-b4-t9,4,1,3,0,864.0,141
p014-b5-t1,6,0,6,1,1747.0,64
p014-b5-t10,4,1,3,0,790.0,119
p014-b5-t2,7,0,7,1,1246.0,126
p014-b5-t3,0,0,0,1,3952.0,65
p014-b5-t4,2,1,1,0,1096.0,131
p014-b5-t5,1,0,1,1,4822.0,90
p014-b5-t6,4,1,3,0,703.0,121
p014-b5-t7,4,1,3,0,670.0,134
p014-b5-t8,4,1,3,0,682.0,98
p014-b5-t9,3,1,2,0,1004.0,147
p014-b6-t1,4,1,3,0,476.0,86
p014-b6-t10,5,1,4,0,683.0,165
p014-b6-t2,3,0,3,1,2645.0,110
p014-b6-t3,4,1,3,0,715.0,81
p014-b6-t4,4,1,3,0,508.0,152
p014-b6-t5,4,1,3,0,892.0,95
p014-b6-t6,3,0,3,1,1085.0,99
p014-b6-t7,3,0,3,1,589.0,89
p014-b6-t8,5,0,5,1,3603.0,37
p014-b6-t9,4,1,3,0,1427.0,64
p015-b1-t1,6,0,6,1,924.0,117
p015-b1-t10,3,0,3,1,825.0,139
p015-b1-t2,3,0,3,1,876.0,177
p015-b1-t3,1,0,1,1,1949.0,144
p015-b1-t4,7,1,6,0,737.0,223
p015-b1-t5,6,0,6,1,883.0,179
p015-b1-t6,4,1,3,0,663.0,199
p015-b1-t7,4,1,3,0,824.0,137
p015-b1-t8,3,0,3,1,951.0,126
p015-b1-t9,4,1,3,0,696.0,230
p015-b2-t1,0,0,0,1,831.0,161
p015-b2-t10,7,0,7,1,883.0,85
p015-b2-t2,3,0,3,1,523.0,132
p015-b2-t3,4,1,3,0,782.0,201
p015-b2-t4,3,1,2,0,663.0,135
p015-b2-t5,3,0,3,1,637.0,114
p015-b2-t6,4,1,3,0,528.0,187
p015-b2-t7,4,1,3,0,635.0,96
p015-b2-t8,1,0,1,1,664.0,83
p015-b2-t9,4,1,3,0,803.0,100
p015-b3-t1,3,0,3,1,1012.0,107
p015-b3-t10,5,1,4,0,582.0,115
p015-b3-t2,4,1,3,0,481.0,113
p015-b3-t3,4,1,3,0,877.0,79
p015-b3-t4,6,1,5,0,1004.0,99
p015-b3-t5,2,0,2,1,916.0,65
p015-b3-t6,4,1,3,0,1177.0,115
p015-b3-t7,3,0,3,1,1019.0,204
p015-b3-t8,4,1,3,0,918.0,62
p015-b3-t9,7,0,7,1,595.0,118
p015-b4-t1,2,1,1,0,3134.0,51
p015-b4-t10,4,1,3,0,583.0,77
p015-b4-t2,5,1,4,0,3624.0,61
p015-b4-t3,1,0,1,1,1186.0,62
p015-b4-t4,4,1,3,0,837.0,128
p015-b4-t5,1,0,1,1,1393.0,56
p015-b4-t6,3,1,2,0,1547.0,49
p015-b4-t7,2,1,1,0,690.0,60
p015-b4-t8,4,1,3,0,1633.0,75
p015-b4-t9,7,0,7,1,878.0,63
p015-b5-t1,4,1,3,0,1890.0,39
p015-b5-t10,4,1,3,0,1258.0,27
p015-b5-t2,2,1,1,0,1582.0,191
p015-b5-t3,2,0,2,1,953.0,80
p015-b5-t4,4,1,3,0,1507.0,90
p015-b5-t5,4,1,3,0,1500.0,59
p015-b5-t6,4,1,3,0,730.0,62
p015-b5-t7,4,1,3,0,770.0,66
p015-b5-t8,4,1,3,0,709.0,55
p015-b5-t9,3,0,3,1,1855.0,84
p015-b6-t1,4,1,3,0,1129.0,58
p015-b6-t10,7,0,7,1,1258.0,56
p015-b6-t2,6,1,5,0,811.0,82
p015-b6-t3,5,1,4,0,1305.0,47
p015-b6-t4,0,0,0,1,817.0,92
p015-b6-t5,5,1,4,0,710.0,49
p015-b6-t6,7,0,7,1,937.0,68
p015-b6-t7,3,0,3,1,468.0,84
p015-b6-t8,4,1,3,0,743.0,70
p015-b6-t9,3,0,3,1,803.0,62
p016-b1-t1,4,1,3,0,503.0,87
p016-b1-t10,1,0,1,1,931.0,76
p016-b1-t2,4,1,3,0,1816.0,50
p016-b1-t3,4,1,3,0,1181.0,81
p016-b1-t4,1,1,0,0,1572.0,76
p016-b1-t5,0,0,0,1,1259.0,91
p016-b1-t6,3,0,3,1,1232.0,32
p016-b1-t7,3,0,3,1,1123.0,50
p016-b1-t8,4,1,3,0,1514.0,78
p016-b1-t9,6,0,6,1,1126.0,28
p016-b2-t1,5,1,4,0,1533.0,90
p016-b2-t10,4,1,3,0,823.0,49
p016-b2-t2,4,0,4,1,2024.0,56
p016-b2-t3,4,1,3,0,1004.0,41
p016-b2-t4,3,0,3,1,1286.0,77
p016-b2-t5,4,1,3,0,1491.0,41
p016-b2-t6,3,1,2,0,1178.0,76
p016-b2-t7,6,1,5,0,1277.0,35
p016-b2-t8,5,0,5,1,749.0,69
p016-b2-t9,7,0,7,1,2057.0,44
p016-b3-t1,2,1,1,0,1512.0,56
p016-b3-t10,7,0,7,1,1084.0,40
p016-b3-t2,4,1,3,0,2996.0,43
p016-b3-t3,4,1,3,0,2102.0,133
p016-b3-t4,3,1,2,0,998.0,56
p016-b3-t5,4,1,3,0,736.0,38
p016-b3-t6,4,1,3,0,1480.0,26
p016-b3-t7,2,1,1,0,1915.0,85
p016-b3-t8,3,0,3,1,1064.0,33
p016-b3-t9,3,0,3,1,2579.0,50
p016-b4-t1,6,1,5,0,1776.0,67
p016-b4-t10,4,1,3,0,964.0,22
p016-b4-t2,4,1,3,0,1219.0,81
p016-b4-t3,1,0,1,1,1217.0,115
p016-b4-t4,3,0,3,1,5988.0,45
p016-b4-t5,6,1,5,0,1106.0,36
p016-b4-t6,4,1,3,0,1367.0,59
p016-b4-t7,4,1,3,0,795.0,77
p016-b4-t9,6,0,6,1,2197.0,40
p016-b5-t1,2,0,2,1,762.0,66
p016-b5-t10,5,1,4,0,2191.0,56
p016-b5-t2,6,1,5,0,776.0,48
p016-b5-t3,3,0,3,1,1332.0,65
p016-b5-t4,4,1,3,0,1051.0,41
p016-b5-t5,5,1,4,0,1373.0,62
p016-b5-t6,3,0,3,1,918.0,55
p016-b5-t7,5,0,5,1,1534.0,89
p016-b5-t8,4,0,4,1,2708.0,43
p016-b5-t9,4,1,3,0,788.0,35
p016-b6-t1,4,1,3,0,1888.0,41
p016-b6-t10,3,1,2,0,1225.0,25
p016-b6-t2,5,0,5,1,1056.0,86
p016-b6-t3,4,1,3,0,1187.0,73
p016-b6-t4,7,0,7,1,1827.0,62
p016-b6-t5,4,1,3,0,1072.0,81
p016-b6-t6,1,1,0,0,1299.0,41
p016-b6-t7,3,0,3,1,1446.0,21
p016-b6-t8,6,1,5,0,791.0,85
p016-b6-t9,3,0,3,1,1011.0,98
p017-b1-t1,5,1,4,0,910.0,40
p017-b1-t10,4,1,3,0,1179.0,41
p017-b1-t2,4,1,3,0,1520.0,42
p017-b1-t3,4,0,4,1,1405.0,34
p017-b1-t4,4,1,3,0,1259.0,31
p017-b1-t5,7,0,7,1,1440.0,34
p017-b1-t6,3,1,2,0,1039.0,46
p017-b1-t7,4,0,4,1,2244.0,37
p017-b1-t8,5,0,5,1,1225.0,28
p017-b1-t9,4,1,3,0,1432.0,41
p017-b2-t1,3,0,3,1,1761.0,15
p017-b2-t10,3,1,2,0,1240.0,21
p017-b2-t2,6,1,5,0,1165.0,27
p017-b2-t3,4,1,3,0,1911.0,28
p017-b2-t4,1,0,1,1,1219.0,19
p017-b2-t5,3,0,3,1,957.0,33
p017-b2-t6,3,1,2,0,2350.0,37
p017-b2-t7,4,1,3,0,1119.0,25
p017-b2-t8,3,1,2,0,830.0,33
p017-b2-t9,3,0,3,1,1656.0,56
p017-b3-t1,3,0,3,1,1821.0,21
p017-b3-t10,4,1,3,0,943.0,51
p017-b3-t2,5,1,4,0,1217.0,32
p017-b3-t3,3,0,3,1,1484.0,9
p017-b3-t4,4,0,4,1,2720.0,13
p017-b3-t5,4,1,3,0,1017.0,24
p017-b3-t6,7,0,7,1,923.0,27
p017-b3-t7,6,1,5,0,1225.0,39
p017-b3-t8,3,0,3,1,1461.0,46
p017-b3-t9,2,0,2,1,1742.0,17
p017-b4-t1,4,1,3,0,1694.0,18
p017-b4-t10,7,0,7,1,2110.0,36
p017-b4-t2,4,1,3,0,1131.0,37
p017-b4-t3,3,0,3,1,824.0,34
p017-b4-t4,3,0,3,1,1165.0,13
p017-b4-t5,2,1,1,0,1125.0,47
p017-b4-t6,4,1,3,0,1225.0,26
p017-b4-t7,6,0,6,1,1050.0,18
p017-b4-t8,3,1,2,0,1125.0,40
p017-b4-t9,3,0,3,1,1151.0,26
p017-b5-t1,5,1,4,0,891.0,16
p017-b5-t10,3,1,2,0,1202.0,50
p017-b5-t2,6,0,6,1,1292.0,32
p017-b5-t3,3,0,3,1,959.0,59
p017-b5-t4,3,0,3,1,1085.0,91
p017-b5-t5,4,1,3,0,891.0,34
p017-b5-t6,3,0,3,1,951.0,66
p017-b5-t7,3,0,3,1,1003.0,68
p017-b5-t8,4,1,3,0,1716.0,38
p017-b5-t9,3,1,2,0,1703.0,48
p017-b6-t1,3,1,2,0,1231.0,57
p017-b6-t10,7,0,7,1,1317.0,50
p017-b6-t2,2,0,2,1,5076.0,5
p017-b6-t3,6,1,5,0,1024.0,45
p017-b6-t4,4,1,3,0,1191.0,57
p017-b6-t5,4,1,3,0,1086.0,15
p017-b6-t6,7,0,7,1,1379.0,44
p017-b6-t7,6,1,5,0,1580.0,36
p017-b6-t8,6,0,6,1,1146.0,44
p017-b6-t9,4,1,3,0,984.0,23
p018-b1-t1,1,0,1,1,5136.0,47
p018-b1-t10,3,0,3,1,1386.0,114
p018-b1-t2,5,0,5,1,4173.0,56
p018-b1-t3,4,1,3,0,1138.0,85
p018-b1-t4,4,1,3,0,1486.0,131
p018-b1-t5,5,0,5,1,783.0,101
p018-b1-t6,4,1,3,0,864.0,152
p018-b1-t7,7,0,7,1,798.0,68
p018-b1-t8,3,0,3,1,953.0,72
p018-b1-t9,4,1,3,0,1293.0,87
p018-b2-t1,5,1,4,0,2980.0,65
p018-b2-t2,4,1,3,0,1200.0,90
p018-b2-t3,4,1,3,0,1098.0,94
p018-b2-t4,3,0,3,1,4113.0,127
p018-b2-t5,6,1,5,0,815.0,129
p018-b2-t7,5,1,4,0,1212.0,129
p018-b2-t8,4,1,3,0,703.0,103
p018-b2-t9,6,1,5,0,757.0,117
p018-b3-t1,1,0,1,1,864.0,126
p018-b3-t10,3,0,3,1,2679.0,93
p018-b3-t2,1,0,1,1,4139.0,75
p018-b3-t3,2,0,2,1,3228.0,76
p018-b3-t4,7,1,6,0,1588.0,107
p018-b3-t5,7,1,6,0,1956.0,95
p018-b3-t6,5,0,5,1,2191.0,54
p018-b3-t7,4,1,3,0,1051.0,53
p018-b3-t8,2,0,2,1,1761.0,55
p018-b3-t9,4,1,3,0,1520.0,138
p018-b4-t1,4,1,3,0,1191.0,37
p018-b4-t10,4,1,3,0,777.0,98
p018-b4-t2,4,1,3,0,1211.0,40
p018-b4-t3,6,1,5,0,1285.0,115
p018-b4-t4,3,0,3,1,2029.0,30
p018-b4-t5,4,1,3,0,1131.0,71
p018-b4-t6,6,0,6,1,3824.0,102
p018-b4-t7,6,1,5,0,969.0,80
p018-b4-t8,4,1,3,0,889.0,163
p018-b4-t9,6,1,5,0,950.0,66
p018-b5-t1,2,0,2,1,4983.0,44
p018-b5-t10,3,0,3,1,3039.0,32
p018-b5-t2,4,1,3,0,1313.0,76
p018-b5-t3,4,1,3,0,1365.0,59
p018-b5-t4,4,1,3,0,851.0,52
p018-b5-t5,4,1,3,0,1318.0,47
p018-b5-t6,3,0,3,1,1881.0,37
p018-b5-t7,4,1,3,0,884.0,83
p018-b5-t8,4,1,3,0,1614.0,125
p018-b5-t9,4,1,3,0,3067.0,69
p018-b6-t1,4,1,3,0,762.0,62
p018-b6-t10,3,0,3,1,2138.0,130
p018-b6-t2,4,1,3,0,1238.0,80
p018-b6-t3,4,1,3,0,918.0,36
p018-b6-t4,4,0,4,1,923.0,33
p018-b6-t5,3,0,3,1,2671.0,60
p018-b6-t6,3,1,2,0,1232.0,124
p018-b6-t7,3,1,2,0,1340.0,54
p018-b6-t8,6,1,5,0,1086.0,74
p018-b6-t9,1,1,0,0,1507.0,71
p019-b1-t1,4,1,3,0,1721.0,19
p019-b1-t10,4,1,3,0,1199.0,41
p019-b1-t2,2,0,2,1,2270.0,21
p019-b1-t3,3,0,3,1,883.0,58
p019-b1-t4,4,1,3,0,1205.0,37
p019-b1-t5,4,1,3,0,904.0,71
p019-b1-t6,4,1,3,0,1433.0,20
p019-b1-t7,6,1,5,0,1259.0,70
p019-b1-t8,3,0,3,1,1459.0,85
p019-b1-t9,4,0,4,1,1032.0,46
p019-b2-t1,6,1,5,0,951.0,27
p019-b2-t10,4,1,3,0,1694.0,55
p019-b2-t2,4,1,3,0,1365.0,85
p019-b2-t3,3,0,3,1,911.0,137
p019-b2-t4,4,1,3,0,1151.0,55
p019-b2-t5,0,0,0,1,877.0,79
p019-b2-t6,5,1,4,0,1749.0,92
p019-b2-t7,4,1,3,0,816.0,92
p019-b2-t8,4,1,3,0,1587.0,75
p019-b2-t9,4,1,3,0,1206.0,75
p019-b3-t1,4,1,3,0,997.0,32
p019-b3-t10,4,1,3,0,916.0,195
p019-b3-t2,3,0,3,1,1272.0,21
p019-b3-t3,4,1,3,0,1226.0,111
p019-b3-t4,3,0,3,1,871.0,33
p019-b3-t5,6,0,6,1,1587.0,81
p019-b3-t6,6,1,5,0,998.0,42
p019-b3-t7,7,0,7,1,1264.0,22
p019-b3-t8,6,1,5,0,1170.0,114
p019-b3-t9,4,1,3,0,696.0,46
p019-b4-t1,4,1,3,0,1225.0,129
p019-b4-t10,4,1,3,0,1988.0,99
p019-b4-t2,5,0,5,1,1346.0,96
p019-b4-t3,4,1,3,0,858.0,91
p019-b4-t4,4,1,3,0,1037.0,71
p019-b4-t5,4,0,4,1,670.0,100
p019-b4-t6,4,1,3,0,930.0,104
p019-b4-t7,4,1,3,0,1111.0,111
p019-b4-t9,4,1,3,0,916.0,225
p019-b5-t1,3,0,3,1,957.0,86
p019-b5-t10,4,1,3,0,999.0,103
p019-b5-t2,6,0,6,1,2009.0,5
p019-b5-t3,4,1,3,0,751.0,62
p019-b5-t4,7,0,7,1,2497.0,35
p019-b5-t5,3,1,2,0,1118.0,59
p019-b5-t6,3,0,3,1,1392.0,82
p019-b5-t7,4,1,3,0,690.0,110
p019-b5-t8,4,1,3,0,1110.0,62
p019-b5-t9,7,0,7,1,1760.0,84
p019-b6-t1,3,0,3,1,1004.0,127
p019-b6-t10,4,1,3,0,817.0,21
p019-b6-t2,3,0,3,1,697.0,79
p019-b6-t3,4,1,3,0,1235.0,28
p019-b6-t4,0,0,0,1,1366.0,178
p019-b6-t5,4,1,3,0,1105.0,54
p019-b6-t6,3,1,2,0,663.0,22
p019-b6-t7,3,1,2,0,2022.0,38
p019-b6-t8,4,1,3,0,825.0,31
p019-b6-t9,1,0,1,1,5102.0,35
p020-b1-t1,1,0,1,1,638.0,115
p020-b1-t2,3,1,2,0,717.0,94
p020-b1-t3,3,1,2,0,768.0,139
p020-b1-t4,5,0,5,1,5446.0,145
p020-b1-t5,3,1,2,0,661.0,144
p020-b1-t6,3,0,3,1,3329.0,142
p020-b1-t7,3,0,3,1,2993.0,198
p020-b1-t8,4,1,3,0,791.0,222
p020-b1-t9,5,1,4,0,1955.0,45
p020-b2-t1,4,1,3,0,771.0,121
p020-b2-t10,3,0,3,1,1399.0,191
p020-b2-t2,6,0,6,1,5533.0,88
p020-b2-t3,3,0,3,1,815.0,129
p020-b2-t4,4,1,3,0,1119.0,138
p020-b2-t5,6,1,5,0,1070.0,202
p020-b2-t6,7,0,7,1,9796.0,109
p020-b2-t7,2,0,2,1,5948.0,142
p020-b2-t8,3,0,3,1,4468.0,176
p020-b2-t9,3,0,3,1,7255.0,174
p020-b3-t1,4,1,3,0,5038.0,41
p020-b3-t10,7,0,7,1,8834.0,184
p020-b3-t2,4,1,3,0,944.0,136
p020-b3-t3,3,0,3,1,1197.0,104
p020-b3-t4,7,0,7,1,4989.0,104
p020-b3-t5,4,1,3,0,1400.0,29
p020-b3-t6,4,1,3,0,1045.0,75
p020-b3-t7,3,0,3,1,676.0,72
p020-b3-t8,5,0,5,1,2888.0,43
p020-b3-t9,6,0,6,1,17422.0,144
p020-b4-t1,5,1,4,0,985.0,103
p020-b4-t10,3,0,3,1,703.0,203
p020-b4-t2,3,0,3,1,877.0,203
p020-b4-t3,3,0,3,1,1119.0,30
p020-b4-t4,2,1,1,0,764.0,213
p020-b4-t5,3,0,3,1,756.0,140
p020-b4-t6,1,0,1,1,8366.0,133
p020-b4-t7,6,1,5,0,917.0,182
p020-b4-t8,4,0,4,1,1112.0,101
p020-b4-t9,4,1,3,0,1506.0,156
p020-b5-t1,3,0,3,1,770.0,109
p020-b5-t10,1,0,1,1,1004.0,154
p020-b5-t2,3,0,3,1,2276.0,37
p020-b5-t3,7,0,7,1,5245.0,164
p020-b5-t4,3,0,3,1,7463.0,107
p020-b5-t5,7,0,7,1,8439.0,195
p020-b5-t6,4,1,3,0,1244.0,143
p020-b5-t7,2,0,2,1,1185.0,133
p020-b5-t8,7,0,7,1,3952.0,116
p020-b5-t9,5,1,4,0,2826.0,260
p020-b6-t1,4,1,3,0,1078.0,228
p020-b6-t10,3,0,3,1,796.0,200
p020-b6-t2,1,1,0,0,910.0,226
p020-b6-t3,6,0,6,1,899.0,147
p020-b6-t4,2,0,2,1,1252.0,141
p020-b6-t5,3,0,3,1,857.0,278
p020-b6-t6,4,1,3,0,1501.0,140
p020-b6-t7,7,1,6,0,2639.0,146
p020-b6-t8,3,0,3,1,3148.0,140
p020-b6-t9,7,0,7,1,3650.0,92
p021-b1-t1,6,1,5,0,1680.0,67
p021-b1-t10,4,1,3,0,790.0,97
p021-b1-t2,2,1,1,0,1400.0,96
p021-b1-t3,3,0,3,1,1259.0,93
p021-b1-t4,2,0,2,1,11677.0,31
p021-b1-t5,6,0,6,1,4526.0,26
p021-b1-t6,4,1,3,0,1300.0,112
p021-b1-t7,3,1,2,0,690.0,83
p021-b1-t8,4,1,3,0,850.0,49
p021-b1-t9,4,1,3,0,1848.0,86
p021-b2-t1,6,0,6,1,1922.0,78
p021-b2-t10,0,0,0,1,17650.0,5
p021-b2-t2,4,1,3,0,807.0,76
p021-b2-t3,4,1,3,0,682.0,81
p021-b2-t4,4,1,3,0,787.0,105
p021-b2-t5,2,0,2,1,931.0,110
p021-b2-t6,3,0,3,1,2559.0,74
p021-b2-t7,4,1,3,0,951.0,128
p021-b2-t8,7,0,7,1,1941.0,89
p021-b2-t9,4,1,3,0,402.0,56
p021-b3-t1,3,0,3,1,857.0,45
p021-b3-t10,4,1,3,0,958.0,68
p021-b3-t2,3,1,2,0,1159.0,28
p021-b3-t3,3,0,3,1,1198.0,24
p021-b3-t4,4,1,3,0,890.0,107
p021-b3-t5,5,0,5,1,1200.0,113
p021-b3-t6,4,1,3,0,837.0,92
p021-b3-t7,7,0,7,1,1199.0,111
p021-b3-t8,4,1,3,0,976.0,59
p021-b3-t9,2,1,1,0,984.0,74
p021-b4-t1,6,0,6,1,3421.0,12
p021-b4-t10,4,1,3,0,850.0,124
p021-b4-t2,6,1,5,0,616.0,121
p021-b4-t3,4,1,3,0,1492.0,99
p021-b4-t4,4,1,3,0,1319.0,65
p021-b4-t5,3,0,3,1,3242.0,89
p021-b4-t6,3,0,3,1,1754.0,74
p021-b4-t7,4,1,3,0,777.0,38
p021-b4-t8,3,0,3,1,2565.0,128
p021-b4-t9,4,1,3,0,1875.0,102
p021-b5-t1,2,0,2,1,898.0,52
p021-b5-t10,7,0,7,1,736.0,110
p021-b5-t2,3,0,3,1,1567.0,57
p021-b5-t3,7,0,7,1,670.0,66
p021-b5-t4,1,0,1,1,1199.0,58
p021-b5-t5,4,1,3,0,942.0,43
p021-b5-t6,6,0,6,1,1242.0,86
p021-b5-t7,3,1,2,0,772.0,31
p021-b5-t8,4,0,4,1,1319.0,84
p021-b5-t9,3,0,3,1,749.0,67
p021-b6-t1,3,0,3,1,1774.0,61
p021-b6-t10,4,1,3,0,676.0,118
p021-b6-t2,7,0,7,1,1152.0,39
p021-b6-t3,2,0,2,1,751.0,26
p021-b6-t4,2,0,2,1,2695.0,26
p021-b6-t5,4,1,3,0,2163.0,54
p021-b6-t6,7,0,7,1,3442.0,47
p021-b6-t7,4,1,3,0,543.0,47
p021-b6-t8,7,0,7,1,2445.0,51
p021-b6-t9,3,0,3,1,2532.0,30
p022-b1-t1,4,1,3,0,857.0,86
p022-b1-t10,4,1,3,0,1171.0,94
p022-b1-t2,6,0,6,1,1090.0,53
p022-b1-t3,6,0,6,1,1516.0,154
p022-b1-t4,3,0,3,1,964.0,76
p022-b1-t5,4,1,3,0,1092.0,50
p022-b1-t6,4,1,3,0,717.0,41
p022-b1-t7,2,0,2,1,1119.0,75
p022-b1-t8,3,0,3,1,999.0,69
p022-b1-t9,4,1,3,0,882.0,38
p022-b2-t1,4,0,4,1,737.0,87
p022-b2-t10,7,0,7,1,731.0,83
p022-b2-t2,4,1,3,0,1117.0,58
p022-b2-t3,4,1,3,0,823.0,22
p022-b2-t4,4,1,3,0,775.0,71
p022-b2-t5,5,1,4,0,1185.0,175
p022-b2-t6,4,0,4,1,1031.0,100
p022-b2-t7,3,0,3,1,648.0,127
p022-b2-t8,5,1,4,0,1527.0,107
p022-b2-t9,4,1,3,0,1166.0,103
p022-b3-t1,7,0,7,1,1332.0,72
p022-b3-t10,4,1,3,0,1488.0,64
p022-b3-t2,1,0,1,1,965.0,40
p022-b3-t3,3,0,3,1,1419.0,93
p022-b3-t4,4,1,3,0,1171.0,67
p022-b3-t5,4,0,4,1,897.0,149
p022-b3-t6,4,1,3,0,944.0,33
p022-b3-t7,4,1,3,0,1138.0,50
p022-b3-t8,3,1,2,0,681.0,27
p022-b3-t9,4,0,4,1,664.0,67
p022-b4-t1,4,1,3,0,1408.0,53
p022-b4-t10,6,0,6,1,1427.0,31
p022-b4-t2,4,1,3,0,836.0,36
p022-b4-t3,3,0,3,1,689.0,24
p022-b4-t4,4,1,3,0,1252.0,19
p022-b4-t5,3,0,3,1,822.0,84
p022-b4-t6,2,0,2,1,1709.0,53
p022-b4-t7,5,1,4,0,931.0,34
p022-b4-t8,4,0,4,1,738.0,36
p022-b4-t9,1,0,1,1,782.0,47
p022-b5-t1,3,0,3,1,1466.0,26
p022-b5-t10,3,0,3,1,3782.0,64
p022-b5-t2,4,1,3,0,1044.0,20
p022-b5-t3,2,0,2,1,1253.0,15
p022-b5-t4,7,1,6,0,776.0,26
p022-b5-t5,5,1,4,0,1004.0,39
p022-b5-t6,2,0,2,1,1561.0,44
p022-b5-t7,4,1,3,0,1383.0,33
p022-b5-t8,4,1,3,0,816.0,74
p022-b5-t9,0,0,0,1,973.0,27
p022-b6-t1,1,1,0,0,1447.0,53
p022-b6-t10,7,0,7,1,804.0,66
p022-b6-t2,4,0,4,1,1168.0,29
p022-b6-t3,7,0,7,1,2271.0,20
p022-b6-t4,2,0,2,1,755.0,36
p022-b6-t5,7,1,6,0,1795.0,64
p022-b6-t6,5,1,4,0,817.0,25
p022-b6-t7,5,1,4,0,850.0,54
p022-b6-t8,4,1,3,0,1669.0,26
p022-b6-t9,3,1,2,0,1421.0,34
p023-b1-t1,4,1,3,0,1212.0,59
p023-b1-t10,1,1,0,0,1374.0,27
p023-b1-t2,3,0,3,1,3274.0,17
p023-b1-t3,3,0,3,1,1158.0,32
p023-b1-t4,3,0,3,1,3670.0,37
p023-b1-t5,7,0,7,1,1688.0,23
p023-b1-t6,4,1,3,0,1023.0,55
p023-b1-t7,3,1,2,0,1138.0,23
p023-b1-t8,7,0,7,1,20878.0,5
p023-b1-t9,3,0,3,1,9331.0,15
p023-b2-t1,1,0,1,1,937.0,22
p023-b2-t10,4,1,3,0,1144.0,17
p023-b2-t2,4,1,3,0,7927.0,23
p023-b2-t3,6,1,5,0,6712.0,50
p023-b2-t4,3,0,3,1,843.0,16
p023-b2-t5,4,0,4,1,11620.0,9
p023-b2-t6,4,1,3,0,14650.0,28
p023-b2-t7,2,0,2,1,16643.0,6
p023-b2-t8,3,0,3,1,821.0,11
p023-b2-t9,4,1,3,0,971.0,12
p023-b3-t1,4,0,4,1,9224.0,4
p023-b3-t10,3,0,3,1,1105.0,11
p023-b3-t2,4,1,3,0,8145.0,10
p023-b3-t3,6,1,5,0,9679.0,11
p023-b3-t4,5,1,4,0,5203.0,10
p023-b3-t5,2,1,1,0,10865.0,9
p023-b3-t6,3,1,2,0,898.0,29
p023-b3-t7,4,1,3,0,756.0,82
p023-b3-t8,4,1,3,0,1098.0,10
p023-b3-t9,4,1,3,0,1099.0,10
p023-b4-t1,4,1,3,0,7113.0,12
p023-b4-t10,5,0,5,1,883.0,24
p023-b4-t2,3,1,2,0,2673.0,29
p023-b4-t3,5,1,4,0,7228.0,36
p023-b4-t4,3,0,3,1,1144.0,16
p023-b4-t5,4,1,3,0,13818.0,10
p023-b4-t6,6,0,6,1,9465.0,17
p023-b4-t7,4,1,3,0,6256.0,11
p023-b4-t8,6,1,5,0,4635.0,23
p023-b4-t9,6,0,6,1,944.0,17
p023-b5-t1,4,1,3,0,3730.0,36
p023-b5-t10,5,1,4,0,1031.0,14
p023-b5-t2,7,1,6,0,3731.0,9
p023-b5-t3,4,1,3,0,7079.0,17
p023-b5-t4,4,1,3,0,10395.0,7
p023-b5-t5,4,1,3,0,2639.0,33
p023-b5-t6,5,1,4,0,9726.0,10
p023-b5-t7,1,1,0,0,8212.0,16
p023-b5-t8,5,1,4,0,844.0,22
p023-b5-t9,4,1,3,0,1420.0,16
p023-b6-t1,2,1,1,0,923.0,19
p023-b6-t10,2,0,2,1,1145.0,15
p023-b6-t2,2,1,1,0,1078.0,20
p023-b6-t3,2,1,1,0,5834.0,16
p023-b6-t4,3,0,3,1,5546.0,14
p023-b6-t5,4,1,3,0,5398.0,37
p023-b6-t6,6,0,6,1,5439.0,24
p023-b6-t7,4,1,3,0,9391.0,8
p023-b6-t8,4,1,3,0,1299.0,18
p023-b6-t9,3,0,3,1,9779.0,5
p024-b1-t1,4,1,3,0,1179.0,65
p024-b1-t10,3,0,3,1,1306.0,118
p024-b1-t2,5,0,5,1,1125.0,62
p024-b1-t3,3,0,3,1,1560.0,65
p024-b1-t4,4,0,4,1,917.0,42
p024-b1-t5,5,1,4,0,1420.0,83
p024-b1-t6,4,1,3,0,1548.0,84
p024-b1-t7,3,0,3,1,963.0,87
p024-b1-t8,1,1,0,0,964.0,67
p024-b1-t9,7,0,7,1,1232.0,82
p024-b2-t1,3,0,3,1,2003.0,22
p024-b2-t10,4,1,3,0,1051.0,29
p024-b2-t2,4,1,3,0,1213.0,64
p024-b2-t3,4,1,3,0,844.0,113
p024-b2-t4,4,1,3,0,1212.0,41
p024-b2-t5,2,0,2,1,3645.0,47
p024-b2-t6,4,1,3,0,1071.0,35
p024-b2-t7,4,1,3,0,1588.0,25
p024-b2-t8,6,0,6,1,2082.0,91
p024-b2-t9,6,0,6,1,1849.0,26
p024-b3-t1,7,0,7,1,1520.0,39
p024-b3-t10,7,0,7,1,1279.0,65
p024-b3-t2,6,1,5,0,1420.0,38
p024-b3-t3,5,0,5,1,1243.0,53
p024-b3-t4,3,0,3,1,1480.0,39
p024-b3-t5,4,1,3,0,1038.0,45
p024-b3-t6,3,0,3,1,991.0,50
p024-b3-t7,7,0,7,1,1956.0,34
p024-b3-t8,4,1,3,0,696.0,55
p024-b3-t9,3,1,2,0,1279.0,17
p024-b4-t1,4,1,3,0,1259.0,21
p024-b4-t10,3,0,3,1,1694.0,31
p024-b4-t2,3,1,2,0,1914.0,53
p024-b4-t3,3,0,3,1,1185.0,39
p024-b4-t4,4,1,3,0,1084.0,44
p024-b4-t5,4,1,3,0,890.0,71
p024-b4-t6,3,0,3,1,539.0,27
p024-b4-t7,4,0,4,1,2878.0,38
p024-b4-t8,6,1,5,0,1239.0,52
p024-b4-t9,5,0,5,1,1943.0,66
p024-b5-t1,6,1,5,0,1520.0,93
p024-b5-t10,1,1,0,0,1258.0,63
p024-b5-t2,4,1,3,0,970.0,25
p024-b5-t3,5,1,4,0,1091.0,88
p024-b5-t4,4,1,3,0,777.0,88
p024-b5-t5,4,1,3,0,1025.0,48
p024-b5-t6,4,1,3,0,884.0,26
p024-b5-t7,3,0,3,1,4226.0,81
p024-b5-t8,1,0,1,1,1058.0,24
p024-b5-t9,4,1,3,0,843.0,35
p024-b6-t1,2,1,1,0,1949.0,28
p024-b6-t10,4,1,3,0,649.0,98
p024-b6-t2,1,0,1,1,2007.0,89
p024-b6-t3,6,1,5,0,1190.0,25
p024-b6-t4,4,1,3,0,1238.0,63
p024-b6-t5,4,1,3,0,1051.0,72
p024-b6-t6,3,0,3,1,581.0,45
p024-b6-t7,3,0,3,1,923.0,56
p024-b6-t8,3,0,3,1,903.0,42
p024-b6-t9,7,0,7,1,2109.0,36
p025-b1-t1,7,0,7,1,829.0,31
p025-b1-t10,3,0,3,1,936.0,55
p025-b1-t2,6,0,6,1,869.0,26
p025-b1-t3,6,1,5,0,708.0,61
p025-b1-t4,4,1,3,0,1085.0,46
p025-b1-t5,3,0,3,1,1029.0,51
p025-b1-t6,2,0,2,1,2658.0,27
p025-b1-t7,7,0,7,1,710.0,18
p025-b1-t8,4,1,3,0,757.0,46
p025-b1-t9,4,1,3,0,1140.0,50
p025-b2-t1,6,1,5,0,1152.0,40
p025-b2-t10,2,1,1,0,770.0,32
p025-b2-t2,1,1,0,0,944.0,44
p025-b2-t3,3,0,3,1,1554.0,20
p025-b2-t4,3,0,3,1,670.0,38
p025-b2-t5,6,1,5,0,1112.0,72
p025-b2-t6,4,1,3,0,1152.0,76
p025-b2-t7,3,1,2,0,709.0,63
p025-b2-t8,4,1,3,0,1326.0,38
p025-b2-t9,6,1,5,0,441.0,57
p025-b3-t1,4,1,3,0,615.0,57
p025-b3-t10,4,1,3,0,1084.0,37
p025-b3-t2,5,1,4,0,544.0,54
p025-b3-t3,5,1,4,0,970.0,94
p025-b3-t4,4,1,3,0,1299.0,54
p025-b3-t5,4,1,3,0,1186.0,95
p025-b3-t6,4,1,3,0,810.0,49
p025-b3-t7,7,0,7,1,879.0,41
p025-b3-t8,4,1,3,0,843.0,76
p025-b3-t9,4,1,3,0,1124.0,39
p025-b4-t1,3,0,3,1,647.0,68
p025-b4-t10,0,0,0,1,1555.0,71
p025-b4-t2,1,1,0,0,1058.0,57
p025-b4-t3,3,0,3,1,1587.0,60
p025-b4-t4,4,1,3,0,896.0,63
p025-b4-t5,3,0,3,1,871.0,25
p025-b4-t6,2,1,1,0,1308.0,70
p025-b4-t7,4,1,3,0,1037.0,78
p025-b4-t8,3,0,3,1,1292.0,75
p025-b4-t9,1,0,1,1,1026.0,39
p025-b5-t1,4,1,3,0,1084.0,37
p025-b5-t2,4,1,3,0,904.0,57
p025-b5-t3,7,0,7,1,675.0,72
p025-b5-t4,4,1,3,0,1031.0,95
p025-b5-t5,4,1,3,0,959.0,66
p025-b5-t6,3,0,3,1,469.0,72
p025-b5-t7,1,1,0,0,843.0,73
p025-b5-t9,6,1,5,0,956.0,67
p025-b6-t1,4,1,3,0,843.0,85
p025-b6-t10,2,0,2,1,7179.0,36
p025-b6-t2,5,1,4,0,587.0,95
p025-b6-t3,4,1,3,0,905.0,72
p025-b6-t4,4,1,3,0,824.0,99
p025-b6-t5,6,0,6,1,837.0,48
p025-b6-t6,4,1,3,0,783.0,34
p025-b6-t7,3,1,2,0,787.0,52
p025-b6-t8,6,1,5,0,470.0,67
p025-b6-t9,4,0,4,1,691.0,34
p026-b1-t1,7,1,6,0,757.0,68
p026-b1-t10,3,0,3,1,891.0,26
p026-b1-t2,4,1,3,0,872.0,125
p026-b1-t3,7,0,7,1,642.0,92
p026-b1-t4,2,0,2,1,2230.0,83
p026-b1-t5,4,0,4,1,829.0,97
p026-b1-t6,4,1,3,0,873.0,45
p026-b1-t7,3,1,2,0,1053.0,32
p026-b1-t8,7,1,6,0,685.0,39
p026-b1-t9,5,0,5,1,1057.0,73
p026-b2-t1,4,1,3,0,910.0,26
p026-b2-t10,4,1,3,0,814.0,13
p026-b2-t2,5,1,4,0,749.0,16
p026-b2-t3,3,0,3,1,1058.0,32
p026-b2-t4,3,0,3,1,802.0,43
p026-b2-t5,4,1,3,0,1273.0,53
p026-b2-t6,6,1,5,0,1085.0,13
p026-b2-t7,1,1,0,0,798.0,28
p026-b2-t8,4,1,3,0,1250.0,29
p026-b2-t9,3,0,3,1,1278.0,28
p026-b3-t1,7,0,7,1,755.0,22
p026-b3-t10,4,1,3,0,964.0,29
p026-b3-t4,4,1,3,0,808.0,28
p026-b3-t8,6,0,6,1,1304.0,14
p026-b3-t9,4,1,3,0,957.0,14
p026-b4-t1,5,1,4,0,644.0,17
p026-b4-t10,6,0,6,1,699.0,12
p026-b4-t2,4,1,3,0,602.0,25
p026-b4-t3,4,1,3,0,503.0,44
p026-b4-t4,3,0,3,1,794.0,15
p026-b4-t5,5,1,4,0,849.0,11
p026-b4-t6,7,0,7,1,1258.0,14
p026-b4-t7,3,1,2,0,796.0,20
p026-b4-t9,2,0,2,1,689.0,11
p026-b5-t1,3,0,3,1,687.0,12
p026-b5-t10,4,1,3,0,886.0,14
p026-b5-t3,3,1,2,0,978.0,23
p026-b5-t4,4,0,4,1,904.0,11
p026-b5-t5,4,1,3,0,907.0,9
p026-b5-t7,3,0,3,1,725.0,18
p026-b5-t8,4,1,3,0,942.0,8
p026-b5-t9,4,1,3,0,1177.0,20
p026-b6-t1,4,1,3,0,1001.0,33
p026-b6-t10,3,0,3,1,946.0,23
p026-b6-t2,3,0,3,1,891.0,10
p026-b6-t3,3,1,2,0,2195.0,22
p026-b6-t4,4,1,3,0,729.0,13
p026-b6-t5,4,1,3,0,752.0,15
p026-b6-t6,5,1,4,0,898.0,12
p026-b6-t7,7,0,7,1,867.0,11
p026-b6-t8,4,1,3,0,1018.0,14
p026-b6-t9,3,0,3,1,1062.0,8
p027-b1-t1,6,0,6,1,1090.0,44
p027-b1-t10,3,1,2,0,1911.0,70
p027-b1-t2,3,0,3,1,965.0,63
p027-b1-t3,3,0,3,1,1371.0,50
p027-b1-t4,4,0,4,1,1118.0,42
p027-b1-t5,3,1,2,0,1359.0,57
p027-b1-t6,4,1,3,0,1086.0,47
p027-b1-t7,4,1,3,0,923.0,64
p027-b1-t8,4,1,3,0,1173.0,41
p027-b1-t9,4,1,3,0,971.0,64
p027-b2-t1,6,1,5,0,776.0,38
p027-b2-t10,1,1,0,0,1003.0,36
p027-b2-t2,4,1,3,0,1018.0,47
p027-b2-t3,3,1,2,0,1529.0,51
p027-b2-t4,5,0,5,1,1319.0,67
p027-b2-t5,4,1,3,0,1835.0,44
p027-b2-t6,4,0,4,1,1120.0,46
p027-b2-t7,4,1,3,0,2331.0,78
p027-b2-t8,4,1,3,0,1225.0,41
p027-b2-t9,2,1,1,0,749.0,58
p027-b3-t1,4,1,3,0,964.0,50
p027-b3-t10,7,1,6,0,1099.0,97
p027-b3-t2,4,1,3,0,1059.0,89
p027-b3-t3,7,0,7,1,965.0,54
p027-b3-t4,7,0,7,1,830.0,78
p027-b3-t5,4,1,3,0,1051.0,73
p027-b3-t6,4,1,3,0,1372.0,45
p027-b3-t7,4,1,3,0,1064.0,88
p027-b3-t8,5,1,4,0,1192.0,57
p027-b3-t9,4,1,3,0,1299.0,51
p027-b4-t1,3,1,2,0,877.0,45
p027-b4-t10,4,0,4,1,1199.0,62
p027-b4-t2,4,1,3,0,890.0,55
p027-b4-t3,7,0,7,1,1085.0,52
p027-b4-t4,1,1,0,0,830.0,83
p027-b4-t5,4,1,3,0,723.0,75
p027-b4-t6,4,0,4,1,4066.0,41
p027-b4-t7,5,1,4,0,1368.0,72
p027-b4-t8,5,1,4,0,782.0,88
p027-b4-t9,3,1,2,0,731.0,68
p027-b5-t1,4,0,4,1,1031.0,44
p027-b5-t10,4,1,3,0,959.0,83
p027-b5-t2,4,1,3,0,2230.0,63
p027-b5-t3,6,1,5,0,1273.0,40
p027-b5-t4,4,1,3,0,1567.0,64
p027-b5-t5,4,1,3,0,1111.0,84
p027-b5-t6,3,1,2,0,1433.0,65
p027-b5-t7,0,0,0,1,1165.0,49
p027-b5-t8,3,0,3,1,1006.0,68
p027-b5-t9,6,1,5,0,891.0,59
p027-b6-t1,3,0,3,1,1701.0,49
p027-b6-t10,4,0,4,1,878.0,80
p027-b6-t2,3,0,3,1,1005.0,22
p027-b6-t3,4,1,3,0,1178.0,57
p027-b6-t4,4,1,3,0,730.0,46
p027-b6-t5,7,0,7,1,830.0,40
p027-b6-t6,4,1,3,0,992.0,60
p027-b6-t7,3,1,2,0,1305.0,38
p027-b6-t8,1,0,1,1,870.0,71
p027-b6-t9,3,1,2,0,1833.0,35
p028-b1-t1,3,1,2,0,677.0,78
p028-b1-t10,4,1,3,0,2231.0,73
p028-b1-t2,5,1,4,0,965.0,87
p028-b1-t3,6,1,5,0,1158.0,95
p028-b1-t4,4,1,3,0,1038.0,147
p028-b1-t5,2,0,2,1,830.0,80
p028-b1-t6,3,1,2,0,951.0,166
p028-b1-t7,3,0,3,1,1066.0,120
p028-b1-t8,3,0,3,1,1050.0,54
p028-b1-t9,4,1,3,0,568.0,138
p028-b2-t1,4,1,3,0,1100.0,160
p028-b2-t10,4,1,3,0,818.0,114
p028-b2-t2,5,1,4,0,1118.0,149
p028-b2-t3,4,1,3,0,723.0,102
p028-b2-t4,3,0,3,1,822.0,129
p028-b2-t5,4,1,3,0,1254.0,111
p028-b2-t6,4,1,3,0,1097.0,118
p028-b2-t7,6,0,6,1,931.0,172
p028-b2-t8,4,1,3,0,1260.0,119
p028-b2-t9,4,1,3,0,1111.0,141
p028-b3-t1,6,0,6,1,1560.0,69
p028-b3-t10,4,1,3,0,1038.0,137
p028-b3-t2,3,0,3,1,1279.0,82
p028-b3-t3,7,1,6,0,1235.0,86
p028-b3-t4,6,0,6,1,734.0,72
p028-b3-t5,4,1,3,0,1128.0,124
p028-b3-t6,4,1,3,0,1233.0,164
p028-b3-t7,7,0,7,1,917.0,106
p028-b3-t8,1,1,0,0,1661.0,167
p028-b3-t9,6,1,5,0,784.0,241
p028-b4-t1,4,1,3,0,660.0,63
p028-b4-t10,3,1,2,0,982.0,98
p028-b4-t2,4,1,3,0,1055.0,74
p028-b4-t3,4,1,3,0,816.0,98
p028-b4-t4,7,0,7,1,1787.0,152
p028-b4-t5,3,0,3,1,710.0,120
p028-b4-t6,3,0,3,1,1902.0,98
p028-b4-t7,2,0,2,1,592.0,141
p028-b4-t8,1,1,0,0,1165.0,78
p028-b4-t9,4,1,3,0,950.0,78
p028-b5-t1,5,1,4,0,575.0,114
p028-b5-t10,4,1,3,0,1046.0,85
p028-b5-t2,4,1,3,0,850.0,102
p028-b5-t3,2,0,2,1,1144.0,59
p028-b5-t4,5,1,4,0,1104.0,63
p028-b5-t5,6,0,6,1,1270.0,69
p028-b5-t6,4,1,3,0,1668.0,127
p028-b5-t7,4,1,3,0,1533.0,77
p028-b5-t8,5,1,4,0,1921.0,75
p028-b5-t9,4,1,3,0,1258.0,57
p028-b6-t1,7,0,7,1,1353.0,111
p028-b6-t10,4,1,3,0,692.0,99
p028-b6-t2,7,0,7,1,576.0,52
p028-b6-t3,0,0,0,1,877.0,51
p028-b6-t4,2,1,1,0,1728.0,56
p028-b6-t5,3,0,3,1,553.0,57
p028-b6-t6,4,1,3,0,776.0,88
p028-b6-t7,3,0,3,1,731.0,69
p028-b6-t8,4,1,3,0,1452.0,111
p028-b6-t9,3,0,3,1,798.0,140
p029-b1-t1,3,0,3,1,1104.0,10
p029-b1-t10,3,0,3,1,1051.0,43
p029-b1-t2,4,1,3,0,1186.0,31
p029-b1-t3,4,1,3,0,884.0,48
p029-b1-t4,3,0,3,1,1058.0,30
p029-b1-t5,0,0,0,1,1139.0,34
p029-b1-t6,5,1,4,0,588.0,50
p029-b1-t7,1,0,1,1,722.0,38
p029-b1-t8,5,1,4,0,923.0,36
p029-b1-t9,2,1,1,0,1126.0,37
p029-b2-t1,3,0,3,1,629.0,20
p029-b2-t10,5,1,4,0,1077.0,22
p029-b2-t2,3,0,3,1,1273.0,21
p029-b2-t3,4,1,3,0,1065.0,32
p029-b2-t4,3,0,3,1,851.0,11
p029-b2-t5,7,0,7,1,3528.0,4
p029-b2-t6,3,0,3,1,1587.0,21
p029-b2-t7,7,0,7,1,1493.0,25
p029-b2-t8,2,0,2,1,2466.0,17
p029-b2-t9,4,1,3,0,1137.0,29
p029-b3-t1,4,1,3,0,1406.0,22
p029-b3-t10,4,1,3,0,797.0,29
p029-b3-t2,3,0,3,1,1025.0,10
p029-b3-t3,4,1,3,0,3261.0,30
p029-b3-t4,4,1,3,0,1038.0,17
p029-b3-t5,2,0,2,1,2237.0,25
p029-b3-t6,5,1,4,0,2766.0,19
p029-b3-t7,3,0,3,1,2525.0,20
p029-b3-t8,4,1,3,0,1137.0,37
p029-b3-t9,4,1,3,0,945.0,29
p029-b4-t1,4,1,3,0,1378.0,19
p029-b4-t10,2,1,1,0,1137.0,20
p029-b4-t2,3,0,3,1,1586.0,21
p029-b4-t3,3,0,3,1,1368.0,21
p029-b4-t4,3,1,2,0,1000.0,28
p029-b4-t5,7,0,7,1,1970.0,14
p029-b4-t6,4,1,3,0,838.0,24
p029-b4-t7,6,0,6,1,811.0,13
p029-b4-t8,5,0,5,1,10095.0,3
p029-b4-t9,3,0,3,1,978.0,22
p029-b5-t1,3,0,3,1,3791.0,10
p029-b5-t10,4,1,3,0,815.0,59
p029-b5-t2,3,0,3,1,3176.0,18
p029-b5-t3,3,0,3,1,985.0,17
p029-b5-t4,2,1,1,0,1360.0,30
p029-b5-t5,4,0,4,1,4969.0,12
p029-b5-t6,4,1,3,0,1266.0,44
p029-b5-t7,2,0,2,1,950.0,39
p029-b5-t8,7,0,7,1,1861.0,17
p029-b5-t9,4,1,3,0,1186.0,49
p029-b6-t1,3,0,3,1,2037.0,18
p029-b6-t10,3,0,3,1,266.0,2
p029-b6-t2,3,0,3,1,1187.0,14
p029-b6-t3,4,1,3,0,1346.0,48
p029-b6-t4,3,0,3,1,8560.0,8
p029-b6-t5,6,0,6,1,877.0,30
p029-b6-t6,0,0,0,1,3248.0,20
p029-b6-t7,2,1,1,0,690.0,48
p029-b6-t8,2,0,2,1,2176.0,36
p029-b6-t9,4,1,3,0,885.0,52
p030-b1-t1,3,0,3,1,819.0,81
p030-b1-t10,4,1,3,0,1365.0,25
p030-b1-t2,5,1,4,0,1263.0,92
p030-b1-t3,7,0,7,1,955.0,76
p030-b1-t4,5,1,4,0,984.0,62
p030-b1-t5,7,0,7,1,743.0,48
p030-b1-t6,4,1,3,0,1467.0,74
p030-b1-t7,4,1,3,0,1023.0,46
p030-b1-t8,3,0,3,1,918.0,115
p030-b1-t9,6,1,5,0,964.0,55
p030-b2-t1,4,1,3,0,1012.0,38
p030-b2-t10,4,1,3,0,881.0,53
p030-b2-t2,3,0,3,1,832.0,47
p030-b2-t3,7,0,7,1,763.0,52
p030-b2-t4,4,1,3,0,904.0,18
p030-b2-t5,0,0,0,1,1022.0,38
p030-b2-t6,6,0,6,1,870.0,38
p030-b2-t7,0,0,0,1,1323.0,40
p030-b2-t8,5,1,4,0,951.0,42
p030-b2-t9,4,1,3,0,856.0,66
p030-b3-t1,7,0,7,1,929.0,13
p030-b3-t10,4,1,3,0,1086.0,59
p030-b3-t2,7,1,6,0,1073.0,42
p030-b3-t3,5,1,4,0,994.0,19
p030-b3-t4,4,1,3,0,1037.0,96
p030-b3-t5,6,1,5,0,1601.0,54
p030-b3-t6,4,1,3,0,1036.0,59
p030-b3-t7,6,0,6,1,723.0,45
p030-b3-t8,2,0,2,1,944.0,31
p030-b3-t9,4,1,3,0,1521.0,34
p030-b4-t1,3,0,3,1,1968.0,12
p030-b4-t10,3,0,3,1,1078.0,33
p030-b4-t2,4,1,3,0,689.0,72
p030-b4-t3,4,1,3,0,977.0,21
p030-b4-t4,4,1,3,0,931.0,21
p030-b4-t5,3,0,3,1,784.0,40
p030-b4-t6,3,0,3,1,979.0,28
p030-b4-t7,3,1,2,0,596.0,52
p030-b4-t8,3,0,3,1,982.0,35
p030-b4-t9,2,0,2,1,1633.0,22
p030-b5-t1,4,1,3,0,802.0,23
p030-b5-t10,5,1,4,0,636.0,93
p030-b5-t2,7,1,6,0,978.0,30
p030-b5-t3,3,0,3,1,917.0,35
p030-b5-t4,5,1,4,0,628.0,27
p030-b5-t5,4,1,3,0,610.0,31
p030-b5-t6,6,0,6,1,1038.0,23
p030-b5-t7,6,0,6,1,1024.0,32
p030-b5-t8,4,1,3,0,858.0,39
p030-b5-t9,0,0,0,1,763.0,19
p030-b6-t1,3,0,3,1,1078.0,36
p030-b6-t10,6,0,6,1,797.0,43
p030-b6-t2,1,1,0,0,963.0,27
p030-b6-t3,3,0,3,1,884.0,111
p030-b6-t4,4,1,3,0,1049.0,20
p030-b6-t5,4,1,3,0,768.0,74
p030-b6-t6,6,1,5,0,629.0,40
p030-b6-t7,4,1,3,0,1152.0,27
p030-b6-t8,3,1,2,0,1025.0,22
p030-b6-t9,5,1,4,0,971.0,76
p031-b1-t1,1,1,0,0,623.0,40
p031-b1-t10,4,1,3,0,2719.0,45
p031-b1-t2,4,1,3,0,924.0,40
p031-b1-t3,0,0,0,1,864.0,61
p031-b1-t4,3,1,2,0,1339.0,52
p031-b1-t5,4,1,3,0,1119.0,40
p031-b1-t6,7,0,7,1,1473.0,97
p031-b1-t7,4,1,3,0,1118.0,32
p031-b1-t8,6,1,5,0,938.0,45
p031-b1-t9,4,0,4,1,750.0,54
p031-b2-t1,7,0,7,1,896.0,32
p031-b2-t10,4,1,3,0,1801.0,29
p031-b2-t2,7,0,7,1,1185.0,28
p031-b2-t3,3,0,3,1,831.0,41
p031-b2-t4,3,0,3,1,769.0,39
p031-b2-t5,4,1,3,0,1004.0,20
p031-b2-t6,4,1,3,0,1976.0,43
p031-b2-t7,3,0,3,1,1278.0,21
p031-b2-t8,1,1,0,0,1011.0,31
p031-b2-t9,3,0,3,1,1065.0,38
p031-b3-t1,3,1,2,0,1660.0,42
p031-b3-t10,7,0,7,1,2652.0,22
p031-b3-t2,5,0,5,1,850.0,23
p031-b3-t3,4,1,3,0,1291.0,26
p031-b3-t4,3,1,2,0,992.0,57
p031-b3-t5,4,1,3,0,2538.0,17
p031-b3-t6,3,0,3,1,1828.0,29
p031-b3-t7,4,1,3,0,3402.0,25
p031-b3-t8,4,1,3,0,1260.0,24
p031-b3-t9,2,0,2,1,3509.0,31
p031-b4-t1,2,0,2,1,696.0,24
p031-b4-t10,3,1,2,0,891.0,39
p031-b4-t2,5,1,4,0,729.0,39
p031-b4-t3,6,0,6,1,1313.0,59
p031-b4-t4,3,0,3,1,850.0,19
p031-b4-t6,7,1,6,0,1326.0,39
p031-b4-t7,1,0,1,1,702.0,41
p031-b4-t8,3,1,2,0,1158.0,53
p031-b4-t9,3,1,2,0,2444.0,24
p031-b5-t1,2,0,2,1,1105.0,41
p031-b5-t10,6,0,6,1,1158.0,19
p031-b5-t2,1,0,1,1,1459.0,24
p031-b5-t3,4,1,3,0,1165.0,32
p031-b5-t4,4,1,3,0,1634.0,15
p031-b5-t5,2,1,1,0,879.0,22
p031-b5-t6,5,0,5,1,1058.0,23
p031-b5-t7,4,1,3,0,1526.0,27
p031-b5-t8,7,0,7,1,1044.0,37
p031-b5-t9,0,0,0,1,1013.0,37
p031-b6-t1,4,1,3,0,863.0,40
p031-b6-t10,4,1,3,0,1032.0,22
p031-b6-t2,3,1,2,0,1420.0,31
p031-b6-t3,0,0,0,1,998.0,26
p031-b6-t4,3,0,3,1,1020.0,26
p031-b6-t5,6,0,6,1,945.0,49
p031-b6-t6,4,1,3,0,750.0,24
p031-b6-t7,6,1,5,0,1366.0,22
p031-b6-t8,2,1,1,0,911.0,55
p031-b6-t9,3,0,3,1,877.0,25
p032-b1-t1,6,1,5,0,1254.0,90
p032-b1-t10,4,1,3,0,946.0,13
p032-b1-t2,4,1,3,0,1246.0,20
p032-b1-t3,4,1,3,0,898.0,62
p032-b1-t4,4,1,3,0,938.0,49
p032-b1-t5,6,0,6,1,1131.0,37
p032-b1-t6,3,1,2,0,1038.0,68
p032-b1-t7,6,1,5,0,1133.0,57
p032-b1-t8,4,1,3,0,1136.0,15
p032-b1-t9,5,1,4,0,1063.0,48
p032-b2-t1,6,0,6,1,1146.0,28
p032-b2-t10,4,1,3,0,1762.0,29
p032-b2-t2,0,0,0,1,911.0,11
p032-b2-t3,3,1,2,0,1139.0,48
p032-b2-t4,6,1,5,0,1790.0,31
p032-b2-t5,4,1,3,0,1237.0,41
p032-b2-t6,3,0,3,1,1260.0,29
p032-b2-t7,4,0,4,1,1096.0,26
p032-b2-t8,5,1,4,0,990.0,60
p032-b2-t9,6,1,5,0,989.0,60
p032-b3-t1,3,1,2,0,889.0,39
p032-b3-t10,7,0,7,1,1327.0,22
p032-b3-t2,4,1,3,0,1066.0,21
p032-b3-t3,4,0,4,1,1406.0,35
p032-b3-t4,3,1,2,0,1272.0,21
p032-b3-t5,3,0,3,1,1070.0,48
p032-b3-t6,4,1,3,0,951.0,33
p032-b3-t7,6,0,6,1,1299.0,26
p032-b3-t8,3,0,3,1,1345.0,17
p032-b3-t9,6,0,6,1,1448.0,14
p032-b4-t1,4,1,3,0,976.0,32
p032-b4-t10,5,1,4,0,1016.0,49
p032-b4-t2,3,0,3,1,1266.0,12
p032-b4-t3,1,1,0,0,883.0,16
p032-b4-t4,0,0,0,1,1065.0,9
p032-b4-t5,2,1,1,0,1300.0,32
p032-b4-t6,7,0,7,1,991.0,28
p032-b4-t7,4,1,3,0,1588.0,63
p032-b4-t8,1,1,0,0,1360.0,33
p032-b4-t9,1,0,1,1,1386.0,12
p032-b5-t1,4,1,3,0,2151.0,31
p032-b5-t10,1,0,1,1,1393.0,23
p032-b5-t2,6,1,5,0,1401.0,40
p032-b5-t3,4,1,3,0,1105.0,28
p032-b5-t4,3,0,3,1,841.0,9
p032-b5-t5,3,0,3,1,1551.0,18
p032-b5-t6,4,0,4,1,1247.0,14
p032-b5-t7,3,0,3,1,1292.0,15
p032-b5-t8,5,1,4,0,992.0,14
p032-b5-t9,7,0,7,1,992.0,25
p032-b6-t1,4,1,3,0,1366.0,40
p032-b6-t10,6,1,5,0,1080.0,66
p032-b6-t2,2,1,1,0,1111.0,28
p032-b6-t3,5,1,4,0,1240.0,33
p032-b6-t4,4,1,3,0,678.0,9
p032-b6-t5,3,0,3,1,1746.0,8
p032-b6-t6,1,1,0,0,1285.0,11
p032-b6-t7,3,0,3,1,1078.0,6
p032-b6-t8,3,0,3,1,977.0,8
p032-b6-t9,7,0,7,1,1199.0,27
p033-b1-t1,6,0,6,1,1593.0,19
p033-b1-t10,3,1,2,0,1373.0,24
p033-b1-t2,2,1,1,0,924.0,48
p033-b1-t3,3,0,3,1,3124.0,86
p033-b1-t4,7,0,7,1,830.0,42
p033-b1-t5,4,0,4,1,820.0,62
p033-b1-t6,6,0,6,1,709.0,40
p033-b1-t7,4,1,3,0,1140.0,62
p033-b1-t8,4,1,3,0,1689.0,79
p033-b1-t9,4,1,3,0,1204.0,28
p033-b2-t1,3,0,3,1,1328.0,29
p033-b2-t10,5,1,4,0,1114.0,32
p033-b2-t2,4,1,3,0,1388.0,42
p033-b2-t3,1,0,1,1,917.0,14
p033-b2-t4,6,0,6,1,1375.0,27
p033-b2-t5,3,0,3,1,762.0,94
p033-b2-t6,2,0,2,1,951.0,88
p033-b2-t7,4,1,3,0,1201.0,70
p033-b2-t8,4,1,3,0,1472.0,52
p033-b2-t9,3,0,3,1,5070.0,17
p033-b3-t1,6,1,5,0,883.0,60
p033-b3-t10,2,1,1,0,956.0,30
p033-b3-t2,4,1,3,0,1130.0,35
p033-b3-t3,2,0,2,1,1152.0,60
p033-b3-t4,6,0,6,1,846.0,5
p033-b3-t5,3,1,2,0,808.0,53
p033-b3-t6,6,1,5,0,1890.0,34
p033-b3-t7,6,0,6,1,1819.0,14
p033-b3-t8,3,0,3,1,1196.0,61
p033-b3-t9,4,1,3,0,1949.0,22
p033-b4-t1,3,0,3,1,1031.0,16
p033-b4-t10,4,1,3,0,822.0,67
p033-b4-t2,5,1,4,0,1000.0,48
p033-b4-t3,2,0,2,1,1802.0,27
p033-b4-t4,5,0,5,1,2538.0,29
p033-b4-t5,4,1,3,0,997.0,32
p033-b4-t6,3,0,3,1,950.0,48
p033-b4-t7,4,1,3,0,904.0,72
p033-b4-t8,1,1,0,0,1172.0,54
p033-b4-t9,3,0,3,1,5617.0,24
p033-b5-t1,4,1,3,0,829.0,39
p033-b5-t10,7,0,7,1,4599.0,28
p033-b5-t2,4,1,3,0,1728.0,70
p033-b5-t3,4,1,3,0,1115.0,28
p033-b5-t4,4,1,3,0,1417.0,71
p033-b5-t5,5,1,4,0,1384.0,21
p033-b5-t6,3,1,2,0,1307.0,69
p033-b5-t7,4,1,3,0,1665.0,49
p033-b5-t8,5,0,5,1,1435.0,62
p033-b5-t9,5,0,5,1,248.0,2
p033-b6-t1,4,1,3,0,1221.0,19
p033-b6-t10,3,0,3,1,1097.0,43
p033-b6-t2,4,0,4,1,1195.0,17
p033-b6-t3,3,1,2,0,1491.0,51
p033-b6-t4,4,1,3,0,1070.0,43
p033-b6-t5,4,1,3,0,1392.0,15
p033-b6-t6,4,1,3,0,1022.0,51
p033-b6-t7,2,0,2,1,1199.0,26
p033-b6-t8,3,1,2,0,1838.0,25
p033-b6-t9,3,1,2,0,1998.0,48
p034-b1-t1,1,1,0,0,1264.0,52
p034-b1-t10,3,0,3,1,1151.0,49
p034-b1-t2,6,1,5,0,904.0,148
p034-b1-t3,3,1,2,0,710.0,56
p034-b1-t4,4,1,3,0,991.0,61
p034-b1-t5,2,0,2,1,1052.0,137
p034-b1-t6,3,0,3,1,831.0,101
p034-b1-t7,7,0,7,1,938.0,83
p034-b1-t8,4,0,4,1,809.0,112
p034-b1-t9,3,1,2,0,736.0,108
p034-b2-t1,5,1,4,0,991.0,43
p034-b2-t10,1,1,0,0,815.0,89
p034-b2-t2,3,0,3,1,850.0,98
p034-b2-t3,0,0,0,1,1245.0,40
p034-b2-t4,4,1,3,0,771.0,41
p034-b2-t5,1,0,1,1,723.0,76
p034-b2-t6,4,1,3,0,724.0,126
p034-b2-t7,6,0,6,1,1085.0,117
p034-b2-t8,5,1,4,0,663.0,26
p034-b2-t9,7,0,7,1,909.0,68
p034-b3-t1,4,1,3,0,911.0,45
p034-b3-t10,4,1,3,0,1159.0,30
p034-b3-t2,4,1,3,0,1105.0,21
p034-b3-t3,2,1,1,0,1145.0,103
p034-b3-t4,4,1,3,0,1292.0,61
p034-b3-t5,2,0,2,1,750.0,92
p034-b3-t6,6,1,5,0,870.0,61
p034-b3-t7,3,0,3,1,786.0,121
p034-b3-t8,4,0,4,1,1809.0,37
p034-b3-t9,7,0,7,1,562.0,73
p034-b4-t1,4,1,3,0,1381.0,101
p034-b4-t10,7,0,7,1,978.0,74
p034-b4-t2,5,1,4,0,930.0,37
p034-b4-t3,4,1,3,0,1011.0,119
p034-b4-t4,4,0,4,1,1171.0,56
p034-b4-t5,4,0,4,1,649.0,115
p034-b4-t6,3,0,3,1,971.0,30
p034-b4-t7,4,1,3,0,622.0,57
p034-b4-t8,7,0,7,1,938.0,26
p034-b4-t9,4,1,3,0,670.0,116
p034-b5-t1,4,1,3,0,770.0,24
p034-b5-t10,4,1,3,0,1393.0,72
p034-b5-t2,4,1,3,0,1292.0,84
p034-b5-t3,3,1,2,0,1684.0,26
p034-b5-t4,3,0,3,1,1062.0,17
p034-b5-t6,5,1,4,0,774.0,34
p034-b5-t7,5,1,4,0,1057.0,20
p034-b5-t8,6,1,5,0,1138.0,56
p034-b5-t9,0,0,0,1,924.0,54
p034-b6-t1,4,1,3,0,1045.0,65
p034-b6-t10,3,1,2,0,1018.0,29
p034-b6-t2,6,1,5,0,1574.0,49
p034-b6-t3,3,0,3,1,843.0,57
p034-b6-t4,7,1,6,0,1232.0,24
p034-b6-t5,0,0,0,1,651.0,43
p034-b6-t6,4,1,3,0,830.0,45
p034-b6-t7,3,0,3,1,669.0,28
p034-b6-t8,4,1,3,0,608.0,31
p034-b6-t9,7,0,7,1,1313.0,61
p035-b1-t1,7,1,6,0,803.0,81
p035-b1-t10,3,0,3,1,1211.0,32
p035-b1-t2,3,0,3,1,763.0,126
p035-b1-t3,3,0,3,1,1358.0,82
p035-b1-t4,3,0,3,1,843.0,42
p035-b1-t5,4,1,3,0,911.0,88
p035-b1-t6,6,0,6,1,844.0,68
p035-b1-t7,5,1,4,0,1414.0,38
p035-b1-t8,4,1,3,0,944.0,50
p035-b1-t9,3,1,2,0,803.0,49
p035-b2-t1,7,0,7,1,1014.0,60
p035-b2-t10,3,1,2,0,1018.0,40
p035-b2-t2,5,0,5,1,1969.0,45
p035-b2-t3,4,1,3,0,582.0,86
p035-b2-t4,6,0,6,1,5204.0,74
p035-b2-t5,3,0,3,1,811.0,81
p035-b2-t6,3,0,3,1,1259.0,44
p035-b2-t7,3,0,3,1,1124.0,41
p035-b2-t8,4,1,3,0,1319.0,32
p035-b2-t9,4,1,3,0,937.0,105
p035-b3-t1,0,0,0,1,1038.0,28
p035-b3-t10,4,1,3,0,1641.0,49
p035-b3-t2,4,0,4,1,690.0,144
p035-b3-t3,5,1,4,0,1139.0,52
p035-b3-t4,4,1,3,0,965.0,43
p035-b3-t5,4,0,4,1,998.0,70
p035-b3-t6,4,1,3,0,563.0,59
p035-b3-t7,5,0,5,1,1581.0,36
p035-b3-t8,4,1,3,0,1212.0,36
p035-b3-t9,7,0,7,1,777.0,31
p035-b4-t1,3,1,2,0,891.0,49
p035-b4-t10,7,0,7,1,1253.0,48
p035-b4-t2,4,1,3,0,863.0,58
p035-b4-t3,3,1,2,0,990.0,15
p035-b4-t4,3,0,3,1,1320.0,40
p035-b4-t5,3,0,3,1,663.0,65
p035-b4-t6,3,0,3,1,1177.0,40
p035-b4-t7,3,0,3,1,2337.0,62
p035-b4-t8,6,0,6,1,783.0,50
p035-b4-t9,4,0,4,1,5023.0,28
p035-b5-t1,1,1,0,0,1948.0,89
p035-b5-t10,4,1,3,0,2184.0,128
p035-b5-t2,2,1,1,0,1197.0,32
p035-b5-t3,6,1,5,0,865.0,46
p035-b5-t4,3,1,2,0,846.0,90
p035-b5-t5,7,0,7,1,1023.0,61
p035-b5-t6,6,0,6,1,1475.0,53
p035-b5-t7,4,1,3,0,690.0,44
p035-b5-t8,4,1,3,0,1533.0,55
p035-b5-t9,1,1,0,0,1305.0,32
p035-b6-t1,3,0,3,1,823.0,34
p035-b6-t10,3,0,3,1,876.0,75
p035-b6-t2,4,0,4,1,1011.0,50
p035-b6-t3,4,0,4,1,1454.0,47
p035-b6-t4,3,0,3,1,1332.0,39
p035-b6-t5,4,1,3,0,989.0,86
p035-b6-t6,4,1,3,0,904.0,26
p035-b6-t7,3,0,3,1,690.0,45
p035-b6-t8,4,1,3,0,810.0,52
p035-b6-t9,3,1,2,0,997.0,53
p036-b1-t1,7,1,6,0,1862.0,52
p036-b1-t10,4,1,3,0,978.0,57
p036-b1-t2,7,1,6,0,1346.0,72
p036-b1-t3,7,0,7,1,1707.0,69
p036-b1-t4,7,1,6,0,1171.0,91
p036-b1-t5,3,1,2,0,1258.0,85
p036-b1-t6,3,0,3,1,1286.0,79
p036-b1-t7,4,1,3,0,711.0,101
p036-b1-t8,2,0,2,1,1111.0,57
p036-b1-t9,5,1,4,0,1528.0,48
p036-b2-t1,4,1,3,0,715.0,46
p036-b2-t10,4,1,3,0,1479.0,79
p036-b2-t2,3,0,3,1,1099.0,49
p036-b2-t3,3,0,3,1,1552.0,32
p036-b2-t4,4,1,3,0,1098.0,77
p036-b2-t5,1,1,0,0,1263.0,75
p036-b2-t6,2,1,1,0,1332.0,123
p036-b2-t7,1,1,0,0,858.0,26
p036-b2-t8,4,1,3,0,803.0,101
p036-b2-t9,4,1,3,0,897.0,70
p036-b3-t1,5,0,5,1,1267.0,34
p036-b3-t10,4,1,3,0,1111.0,79
p036-b3-t2,4,1,3,0,782.0,36
p036-b3-t3,4,1,3,0,1761.0,51
p036-b3-t4,3,0,3,1,1097.0,80
p036-b3-t5,6,0,6,1,1006.0,80
p036-b3-t6,2,0,2,1,1232.0,69
p036-b3-t7,7,0,7,1,1260.0,50
p036-b3-t8,3,0,3,1,1006.0,43
p036-b3-t9,3,1,2,0,1044.0,127
p036-b4-t1,5,1,4,0,1300.0,98
p036-b4-t10,6,1,5,0,857.0,62
p036-b4-t2,5,1,4,0,1220.0,29
p036-b4-t3,6,0,6,1,1280.0,60
p036-b4-t4,3,0,3,1,1054.0,79
p036-b4-t5,4,1,3,0,917.0,74
p036-b4-t6,3,0,3,1,1360.0,99
p036-b4-t7,2,0,2,1,1098.0,74
p036-b4-t8,4,1,3,0,1525.0,103
p036-b4-t9,3,0,3,1,838.0,69
p036-b5-t1,7,0,7,1,1184.0,17
p036-b5-t10,4,1,3,0,784.0,119
p036-b5-t2,3,0,3,1,998.0,87
p036-b5-t3,3,1,2,0,1266.0,62
p036-b5-t4,4,1,3,0,1246.0,55
p036-b5-t5,2,1,1,0,964.0,97
p036-b5-t6,4,1,3,0,1206.0,79
p036-b5-t7,4,1,3,0,1405.0,67
p036-b5-t8,4,1,3,0,937.0,63
p036-b5-t9,4,1,3,0,1184.0,65
p036-b6-t1,3,0,3,1,972.0,55
p036-b6-t10,4,1,3,0,1193.0,77
p036-b6-t2,4,0,4,1,1428.0,40
p036-b6-t3,6,1,5,0,964.0,60
p036-b6-t4,3,0,3,1,1058.0,134
p036-b6-t5,5,1,4,0,1111.0,135
p036-b6-t6,7,0,7,1,1232.0,101
p036-b6-t7,4,1,3,0,849.0,88
p036-b6-t8,3,1,2,0,1031.0,99
p036-b6-t9,3,0,3,1,1567.0,85
p037-b1-t10,4,1,3,0,1131.0,161
p037-b1-t2,4,1,3,0,1888.0,118
p037-b1-t3,4,0,4,1,1507.0,82
p037-b1-t4,2,1,1,0,1714.0,160
p037-b1-t6,1,1,0,0,1319.0,193
p037-b1-t7,4,1,3,0,1440.0,98
p037-b1-t8,4,1,3,0,1231.0,212
p037-b1-t9,7,0,7,1,1179.0,95
p037-b2-t1,3,0,3,1,1253.0,119
p037-b2-t10,3,0,3,1,1360.0,162
p037-b2-t2,7,0,7,1,1023.0,151
p037-b2-t3,4,0,4,1,891.0,81
p037-b2-t4,3,0,3,1,925.0,126
p037-b2-t5,3,0,3,1,1118.0,270
p037-b2-t6,4,1,3,0,936.0,158
p037-b2-t7,2,0,2,1,1662.0,145
p037-b2-t8,4,1,3,0,1071.0,137
p037-b2-t9,3,1,2,0,1086.0,77
p037-b3-t1,7,0,7,1,1287.0,173
p037-b3-t10,4,1,3,0,850.0,147
p037-b3-t2,6,0,6,1,1446.0,174
p037-b3-t3,4,0,4,1,1259.0,86
p037-b3-t4,6,0,6,1,729.0,36
p037-b3-t5,5,0,5,1,917.0,77
p037-b3-t6,4,1,3,0,897.0,100
p037-b3-t7,4,1,3,0,1896.0,97
p037-b3-t8,4,1,3,0,1025.0,121
p037-b3-t9,0,0,0,1,1126.0,115
p037-b4-t1,4,1,3,0,965.0,124
p037-b4-t10,4,1,3,0,958.0,81
p037-b4-t2,3,0,3,1,790.0,170
p037-b4-t3,6,0,6,1,824.0,102
p037-b4-t4,3,1,2,0,717.0,126
p037-b4-t5,2,0,2,1,1104.0,89
p037-b4-t6,4,1,3,0,1896.0,128
p037-b4-t7,5,1,4,0,2539.0,113
p037-b4-t8,4,1,3,0,1527.0,125
p037-b4-t9,6,1,5,0,1179.0,100
p037-b5-t1,7,0,7,1,1165.0,80
p037-b5-t10,5,1,4,0,1299.0,195
p037-b5-t2,6,1,5,0,1534.0,94
p037-b5-t3,4,1,3,0,1628.0,128
p037-b5-t4,4,1,3,0,1633.0,36
p037-b5-t5,1,0,1,1,2196.0,50
p037-b5-t6,4,1,3,0,957.0,142
p037-b5-t7,0,0,0,1,1520.0,89
p037-b5-t8,4,1,3,0,1359.0,123
p037-b5-t9,4,1,3,0,1240.0,76
p037-b6-t1,6,0,6,1,1266.0,66
p037-b6-t10,3,0,3,1,1461.0,148
p037-b6-t2,3,0,3,1,972.0,137
p037-b6-t3,4,1,3,0,1051.0,92
p037-b6-t4,4,1,3,0,1561.0,101
p037-b6-t5,1,1,0,0,938.0,121
p037-b6-t6,3,0,3,1,989.0,94
p037-b6-t7,2,0,2,1,1400.0,27
p037-b6-t8,5,0,5,1,3075.0,90
p037-b6-t9,4,1,3,0,836.0,148
p038-b1-t1,4,1,3,0,810.0,32
p038-b1-t10,4,1,3,0,1775.0,24
p038-b1-t2,2,1,1,0,1172.0,37
p038-b1-t3,3,0,3,1,950.0,57
p038-b1-t4,4,1,3,0,1300.0,44
p038-b1-t5,4,1,3,0,743.0,54
p038-b1-t6,2,0,2,1,655.0,37
p038-b1-t7,4,1,3,0,1433.0,26
p038-b1-t8,4,1,3,0,797.0,39
p038-b1-t9,4,1,3,0,1713.0,40
p038-b2-t1,4,1,3,0,1024.0,11
p038-b2-t10,3,1,2,0,1199.0,29
p038-b2-t2,6,1,5,0,1800.0,39
p038-b2-t3,6,0,6,1,998.0,26
p038-b2-t4,1,1,0,0,677.0,59
p038-b2-t5,3,1,2,0,1245.0,27
p038-b2-t6,3,0,3,1,1045.0,41
p038-b2-t7,6,1,5,0,1144.0,23
p038-b2-t8,3,0,3,1,986.0,43
p038-b2-t9,6,0,6,1,1259.0,38
p038-b3-t1,4,1,3,0,971.0,20
p038-b3-t10,4,1,3,0,1024.0,12
p038-b3-t2,4,1,3,0,1178.0,27
p038-b3-t3,4,1,3,0,2117.0,33
p038-b3-t4,4,1,3,0,2217.0,28
p038-b3-t5,7,0,7,1,3375.0,53
p038-b3-t6,4,1,3,0,1660.0,25
p038-b3-t7,7,0,7,1,1480.0,24
p038-b3-t8,5,1,4,0,2551.0,16
p038-b3-t9,4,1,3,0,1888.0,18
p038-b4-t1,2,1,1,0,992.0,26
p038-b4-t10,0,0,0,1,1085.0,39
p038-b4-t2,3,0,3,1,3288.0,17
p038-b4-t3,4,1,3,0,991.0,44
p038-b4-t4,7,0,7,1,3047.0,15
p038-b4-t5,5,1,4,0,1828.0,42
p038-b4-t6,4,1,3,0,1137.0,24
p038-b4-t7,0,0,0,1,1265.0,28
p038-b4-t8,6,1,5,0,1151.0,25
p038-b4-t9,4,1,3,0,1144.0,71
p038-b5-t1,2,0,2,1,2276.0,8
p038-b5-t10,3,0,3,1,1091.0,20
p038-b5-t2,6,1,5,0,1158.0,34
p038-b5-t3,6,1,5,0,850.0,18
p038-b5-t4,4,1,3,0,1031.0,40
p038-b5-t5,5,0,5,1,1681.0,11
p038-b5-t6,1,0,1,1,1661.0,16
p038-b5-t7,6,1,5,0,1004.0,29
p038-b5-t8,2,1,1,0,1855.0,14
p038-b5-t9,4,0,4,1,1219.0,53
p038-b6-t1,4,1,3,0,978.0,15
p038-b6-t10,1,0,1,1,912.0,17
p038-b6-t2,5,1,4,0,1325.0,13
p038-b6-t3,4,1,3,0,1165.0,26
p038-b6-t4,4,1,3,0,1038.0,8
p038-b6-t5,4,1,3,0,1005.0,14
p038-b6-t6,5,0,5,1,1110.0,17
p038-b6-t7,4,0,4,1,757.0,18
p038-b6-t8,1,1,0,0,1186.0,21
p038-b6-t9,5,1,4,0,1118.0,18
p039-b1-t10,4,1,3,0,1639.0,151
p039-b1-t2,3,0,3,1,1016.0,122
p039-b1-t3,4,1,3,0,1012.0,209
p039-b1-t4,7,0,7,1,852.0,182
p039-b1-t5,2,1,1,0,957.0,134
p039-b1-t6,4,1,3,0,715.0,189
p039-b1-t7,3,0,3,1,1240.0,134
p039-b1-t8,5,1,4,0,756.0,216
p039-b2-t1,2,1,1,0,1105.0,148
p039-b2-t2,4,1,3,0,804.0,166
p039-b2-t3,3,1,2,0,890.0,137
p039-b2-t4,4,0,4,1,2968.0,165
p039-b2-t5,3,0,3,1,2015.0,66
p039-b2-t7,3,0,3,1,2137.0,163
p039-b2-t8,5,1,4,0,997.0,220
p039-b2-t9,7,0,7,1,7582.0,181
p039-b3-t1,2,0,2,1,1600.0,127
p039-b3-t10,6,0,6,1,21180.0,57
p039-b3-t2,6,1,5,0,1152.0,186
p039-b3-t3,1,0,1,1,983.0,139
p039-b3-t4,2,0,2,1,862.0,153
p039-b3-t5,4,1,3,0,1540.0,168
p039-b3-t6,5,0,5,1,17027.0,119
p039-b3-t7,1,1,0,0,824.0,199
p039-b3-t8,2,0,2,1,1379.0,118
p039-b3-t9,3,0,3,1,1842.0,142
p039-b4-t1,5,1,4,0,729.0,116
p039-b4-t10,3,0,3,1,2157.0,82
p039-b4-t2,1,0,1,1,863.0,47
p039-b4-t3,4,0,4,1,2353.0,33
p039-b4-t4,3,0,3,1,834.0,172
p039-b4-t5,4,1,3,0,1253.0,134
p039-b4-t6,3,0,3,1,7897.0,123
p039-b4-t7,1,0,1,1,795.0,117
p039-b4-t8,3,0,3,1,1031.0,54
p039-b4-t9,3,0,3,1,6323.0,80
p039-b5-t1,6,0,6,1,983.0,110
p039-b5-t10,4,1,3,0,1654.0,168
p039-b5-t2,6,0,6,1,3227.0,44
p039-b5-t3,5,1,4,0,1164.0,192
p039-b5-t4,4,1,3,0,1153.0,159
p039-b5-t5,1,1,0,0,1314.0,128
p039-b5-t7,7,0,7,1,1982.0,92
p039-b5-t8,4,0,4,1,1295.0,101
p039-b5-t9,3,0,3,1,876.0,104
p039-b6-t1,3,0,3,1,1512.0,44
p039-b6-t10,4,1,3,0,890.0,193
p039-b6-t2,5,0,5,1,911.0,85
p039-b6-t3,3,0,3,1,669.0,187
p039-b6-t4,4,0,4,1,1359.0,126
p039-b6-t5,4,1,3,0,1024.0,137
p039-b6-t6,4,0,4,1,1190.0,90
p039-b6-t7,3,0,3,1,1073.0,166
p039-b6-t8,3,0,3,1,1064.0,150
p039-b6-t9,3,0,3,1,917.0,185
p040-b1-t1,3,0,3,1,1078.0,76
p040-b1-t10,3,1,2,0,1144.0,122
p040-b1-t2,2,1,1,0,1205.0,126
p040-b1-t3,6,1,5,0,1353.0,43
p040-b1-t4,2,1,1,0,978.0,51
p040-b1-t5,4,1,3,0,949.0,77
p040-b1-t6,2,0,2,1,1004.0,110
p040-b1-t7,5,1,4,0,984.0,114
p040-b1-t8,4,1,3,0,1092.0,80
p040-b1-t9,7,0,7,1,2371.0,143
p040-b2-t1,4,1,3,0,1661.0,32
p040-b2-t10,3,0,3,1,1915.0,127
p040-b2-t2,3,0,3,1,830.0,110
p040-b2-t3,4,0,4,1,1164.0,72
p040-b2-t4,3,0,3,1,1273.0,122
p040-b2-t5,1,0,1,1,918.0,65
p040-b2-t6,3,0,3,1,1453.0,86
p040-b2-t7,4,1,3,0,615.0,122
p040-b2-t8,2,0,2,1,932.0,134
p040-b2-t9,4,1,3,0,843.0,87
p040-b3-t1,3,0,3,1,1400.0,35
p040-b3-t10,6,1,5,0,950.0,144
p040-b3-t2,1,1,0,0,1447.0,111
p040-b3-t3,5,1,4,0,1459.0,126
p040-b3-t4,3,0,3,1,2157.0,84
p040-b3-t5,4,1,3,0,852.0,130
p040-b3-t6,4,0,4,1,1768.0,91
p040-b3-t7,5,1,4,0,954.0,123
p040-b3-t8,3,1,2,0,603.0,53
p040-b3-t9,4,1,3,0,952.0,93
p040-b4-t1,4,0,4,1,1245.0,31
p040-b4-t10,2,0,2,1,1084.0,170
p040-b4-t2,3,1,2,0,877.0,98
p040-b4-t3,2,1,1,0,1278.0,118
p040-b4-t4,3,0,3,1,1547.0,105
p040-b4-t5,7,0,7,1,1051.0,68
p040-b4-t6,4,1,3,0,649.0,102
p040-b4-t7,3,0,3,1,810.0,77
p040-b4-t8,4,1,3,0,992.0,68
p040-b4-t9,3,0,3,1,1224.0,100
p040-b5-t1,5,1,4,0,1278.0,106
p040-b5-t10,3,1,2,0,716.0,78
p040-b5-t2,3,1,2,0,1427.0,51
p040-b5-t3,4,0,4,1,2303.0,119
p040-b5-t4,6,0,6,1,2606.0,65
p040-b5-t5,3,0,3,1,2713.0,87
p040-b5-t6,1,0,1,1,897.0,86
p040-b5-t7,3,1,2,0,864.0,155
p040-b5-t8,1,1,0,0,1533.0,37
p040-b5-t9,3,0,3,1,710.0,65
p040-b6-t1,7,0,7,1,1136.0,88
p040-b6-t10,4,1,3,0,916.0,112
p040-b6-t2,2,1,1,0,957.0,93
p040-b6-t3,2,0,2,1,971.0,124
p040-b6-t4,3,0,3,1,1320.0,82
p040-b6-t5,5,1,4,0,2552.0,107
p040-b6-t6,1,0,1,1,1353.0,113
p040-b6-t7,3,0,3,1,997.0,54
p040-b6-t8,5,1,4,0,1005.0,94
p040-b6-t9,4,1,3,0,1083.0,44
p041-b1-t1,7,0,7,1,2591.0,19
p041-b1-t3,6,0,6,1,6423.0,17
p041-b1-t5,4,1,3,0,1667.0,54
p041-b1-t6,1,0,1,1,6055.0,26
p041-b1-t8,4,1,3,0,1373.0,33
p041-b2-t1,2,1,1,0,374.0,53
p041-b2-t10,3,0,3,1,3677.0,27
p041-b2-t2,2,0,2,1,7937.0,34
p041-b2-t3,4,0,4,1,9471.0,4
p041-b2-t4,3,0,3,1,1508.0,43
p041-b2-t5,3,1,2,0,1876.0,63
p041-b2-t6,1,0,1,1,1434.0,74
p041-b2-t7,4,1,3,0,2075.0,89
p041-b2-t8,4,1,3,0,1681.0,45
p041-b2-t9,7,0,7,1,2350.0,31
p041-b3-t1,2,0,2,1,1474.0,29
p041-b3-t10,5,1,4,0,6371.0,11
p041-b3-t2,5,1,4,0,789.0,69
p041-b3-t3,3,0,3,1,1621.0,17
p041-b3-t5,4,1,3,0,1359.0,65
p041-b3-t6,4,1,3,0,904.0,14
p041-b3-t7,4,1,3,0,663.0,83
p041-b3-t8,4,1,3,0,2197.0,35
p041-b3-t9,5,0,5,1,2130.0,30
p041-b4-t1,3,1,2,0,6604.0,6
p041-b4-t10,4,1,3,0,1173.0,4
p041-b4-t2,3,0,3,1,4689.0,46
p041-b4-t3,3,1,2,0,10376.0,10
p041-b4-t4,3,0,3,1,1546.0,10
p041-b4-t5,3,0,3,1,1875.0,2
p041-b4-t6,3,0,3,1,2692.0,13
p041-b4-t7,1,0,1,1,20456.0,5
p041-b4-t8,2,0,2,1,11769.0,16
p041-b4-t9,3,0,3,1,18690.0,3
p041-b5-t1,2,1,1,0,816.0,44
p041-b5-t10,4,1,3,0,1080.0,32
p041-b5-t2,3,0,3,1,2592.0,20
p041-b5-t3,3,0,3,1,6074.0,6
p041-b5-t4,2,0,2,1,2040.0,68
p041-b5-t5,3,0,3,1,617.0,71
p041-b5-t6,4,1,3,0,548.0,69
p041-b5-t7,4,1,3,0,863.0,44
p041-b5-t8,3,0,3,1,8360.0,5
p041-b5-t9,2,1,1,0,1695.0,86
p041-b6-t1,3,0,3,1,1052.0,23
p041-b6-t10,4,1,3,0,764.0,106
p041-b6-t2,3,0,3,1,650.0,63
p041-b6-t3,5,1,4,0,623.0,70
p041-b6-t4,7,0,7,1,10322.0,25
p041-b6-t5,4,1,3,0,931.0,19
p041-b6-t6,1,1,0,0,8325.0,29
p041-b6-t7,4,1,3,0,5499.0,10
p041-b6-t8,1,0,1,1,1062.0,109
p041-b6-t9,2,0,2,1,646.0,40
p042-b1-t1,4,0,4,1,777.0,70
p042-b1-t10,4,0,4,1,1493.0,111
p042-b1-t2,2,1,1,0,755.0,70
p042-b1-t3,3,0,3,1,883.0,157
p042-b1-t4,3,0,3,1,3825.0,86
p042-b1-t5,1,0,1,1,1071.0,149
p042-b1-t6,6,1,5,0,1728.0,94
p042-b1-t7,3,1,2,0,984.0,109
p042-b1-t8,3,0,3,1,1293.0,49
p042-b1-t9,4,1,3,0,1977.0,140
p042-b2-t1,4,1,3,0,1547.0,124
p042-b2-t10,5,1,4,0,956.0,96
p042-b2-t2,3,1,2,0,1191.0,157
p042-b2-t3,4,0,4,1,657.0,123
p042-b2-t4,6,1,5,0,1071.0,120
p042-b2-t5,0,0,0,1,1646.0,63
p042-b2-t6,2,0,2,1,1085.0,138
p042-b2-t7,3,1,2,0,771.0,111
p042-b2-t8,4,1,3,0,1024.0,105
p042-b2-t9,6,1,5,0,1326.0,119
p042-b3-t1,3,0,3,1,1180.0,84
p042-b3-t10,1,1,0,0,737.0,98
p042-b3-t2,4,1,3,0,1132.0,122
p042-b3-t3,6,0,6,1,1146.0,68
p042-b3-t4,4,1,3,0,796.0,106
p042-b3-t5,4,1,3,0,1037.0,82
p042-b3-t6,7,0,7,1,1447.0,102
p042-b3-t7,1,0,1,1,1928.0,72
p042-b3-t8,3,0,3,1,2600.0,72
p042-b3-t9,4,1,3,0,623.0,41
p042-b4-t1,7,0,7,1,1473.0,47
p042-b4-t10,3,0,3,1,806.0,34
p042-b4-t2,4,1,3,0,1487.0,166
p042-b4-t3,4,1,3,0,1151.0,75
p042-b4-t4,3,1,2,0,903.0,45
p042-b4-t5,4,1,3,0,1152.0,137
p042-b4-t6,6,1,5,0,997.0,65
p042-b4-t7,3,1,2,0,1714.0,61
p042-b4-t8,1,0,1,1,1788.0,57
p042-b4-t9,6,0,6,1,1668.0,60
p042-b5-t1,6,1,5,0,810.0,72
p042-b5-t10,2,0,2,1,904.0,49
p042-b5-t2,6,0,6,1,2544.0,47
p042-b5-t3,1,1,0,0,1359.0,123
p042-b5-t4,7,0,7,1,602.0,67
p042-b5-t5,4,1,3,0,1407.0,67
p042-b5-t6,3,0,3,1,1038.0,71
p042-b5-t7,3,0,3,1,991.0,107
p042-b5-t8,6,0,6,1,1239.0,45
p042-b5-t9,4,1,3,0,1841.0,44
p042-b6-t1,7,0,7,1,1032.0,71
p042-b6-t10,5,1,4,0,796.0,73
p042-b6-t2,4,1,3,0,1085.0,24
p042-b6-t3,4,0,4,1,843.0,55
p042-b6-t4,6,1,5,0,1018.0,58
p042-b6-t5,2,0,2,1,1158.0,47
p042-b6-t6,5,1,4,0,1788.0,69
p042-b6-t7,4,1,3,0,897.0,58
p042-b6-t8,3,0,3,1,1138.0,31
p042-b6-t9,1,1,0,0,1419.0,50
p043-b1-t1,5,0,5,1,1091.0,142
p043-b1-t2,3,0,3,1,944.0,54
p043-b1-t3,4,1,3,0,831.0,101
p043-b1-t4,2,1,1,0,1581.0,116
p043-b1-t5,1,0,1,1,1252.0,125
p043-b1-t6,5,1,4,0,1386.0,64
p043-b1-t7,6,1,5,0,1600.0,151
p043-b1-t8,3,1,2,0,3415.0,138
p043-b1-t9,4,1,3,0,836.0,148
p043-b2-t1,4,1,3,0,811.0,161
p043-b2-t10,3,1,2,0,1365.0,155
p043-b2-t2,5,1,4,0,957.0,114
p043-b2-t3,4,1,3,0,1701.0,187
p043-b2-t4,4,1,3,0,1513.0,119
p043-b2-t5,6,1,5,0,1393.0,108
p043-b2-t6,4,1,3,0,1292.0,195
p043-b2-t7,3,0,3,1,1098.0,89
p043-b2-t8,3,1,2,0,1246.0,183
p043-b2-t9,3,1,2,0,811.0,67
p043-b3-t1,4,0,4,1,802.0,146
p043-b3-t10,1,1,0,0,1218.0,139
p043-b3-t2,4,1,3,0,997.0,123
p043-b3-t3,5,0,5,1,1253.0,119
p043-b3-t4,5,0,5,1,992.0,203
p043-b3-t5,4,0,4,1,992.0,150
p043-b3-t6,4,1,3,0,730.0,71
p043-b3-t7,4,1,3,0,684.0,200
p043-b3-t8,5,1,4,0,957.0,151
p043-b3-t9,4,1,3,0,1305.0,107
p043-b4-t10,3,1,2,0,850.0,87
p043-b4-t2,4,0,4,1,1070.0,66
p043-b4-t3,0,0,0,1,1306.0,115
p043-b4-t4,4,1,3,0,1017.0,145
p043-b4-t5,4,1,3,0,977.0,118
p043-b4-t6,4,1,3,0,1373.0,83
p043-b4-t7,6,0,6,1,891.0,120
p043-b4-t8,3,0,3,1,1427.0,54
p043-b4-t9,6,0,6,1,1177.0,64
p043-b5-t1,3,0,3,1,918.0,120
p043-b5-t10,4,0,4,1,1253.0,64
p043-b5-t2,6,0,6,1,649.0,125
p043-b5-t3,3,0,3,1,891.0,136
p043-b5-t4,4,1,3,0,722.0,161
p043-b5-t5,4,1,3,0,992.0,88
p043-b5-t6,1,1,0,0,790.0,84
p043-b5-t8,7,1,6,0,977.0,127
p043-b5-t9,4,1,3,0,1360.0,98
p043-b6-t1,7,0,7,1,1962.0,66
p043-b6-t10,6,1,5,0,796.0,96
p043-b6-t2,4,1,3,0,3704.0,121
p043-b6-t3,2,1,1,0,1426.0,115
p043-b6-t4,5,0,5,1,2833.0,43
p043-b6-t5,4,1,3,0,1233.0,42
p043-b6-t6,7,0,7,1,4930.0,43
p043-b6-t7,3,1,2,0,1754.0,66
p043-b6-t8,7,0,7,1,1554.0,93
p043-b6-t9,2,1,1,0,1078.0,75
p044-b1-t1,7,0,7,1,964.0,52
p044-b1-t10,7,0,7,1,716.0,187
p044-b1-t2,6,1,5,0,816.0,118
p044-b1-t3,0,0,0,1,817.0,48
p044-b1-t4,4,1,3,0,1030.0,73
p044-b1-t5,5,1,4,0,1174.0,206
p044-b1-t6,6,1,5,0,842.0,139
p044-b1-t7,5,1,4,0,596.0,101
p044-b1-t8,1,1,0,0,717.0,84
p044-b1-t9,7,0,7,1,739.0,75
p044-b2-t1,4,1,3,0,891.0,34
p044-b2-t10,5,1,4,0,1454.0,123
p044-b2-t2,4,1,3,0,4374.0,78
p044-b2-t3,3,0,3,1,6926.0,129
p044-b2-t4,4,1,3,0,764.0,162
p044-b2-t5,4,0,4,1,630.0,133
p044-b2-t6,2,1,1,0,932.0,135
p044-b2-t7,4,1,3,0,602.0,230
p044-b2-t8,5,0,5,1,4822.0,105
p044-b2-t9,5,0,5,1,791.0,156
p044-b3-t1,3,0,3,1,1287.0,151
p044-b3-t10,6,1,5,0,1246.0,64
p044-b3-t2,6,1,5,0,816.0,170
p044-b3-t3,0,0,0,1,1092.0,91
p044-b3-t4,4,0,4,1,796.0,131
p044-b3-t5,6,0,6,1,803.0,66
p044-b3-t6,4,1,3,0,595.0,164
p044-b3-t7,3,0,3,1,1534.0,46
p044-b3-t8,2,1,1,0,650.0,161
p044-b3-t9,3,1,2,0,804.0,97
p044-b4-t1,4,1,3,0,876.0,57
p044-b4-t10,7,0,7,1,1670.0,102
p044-b4-t2,1,0,1,1,608.0,73
p044-b4-t3,4,1,3,0,776.0,150
p044-b4-t4,7,1,6,0,777.0,196
p044-b4-t5,5,1,4,0,648.0,205
p044-b4-t6,6,1,5,0,809.0,106
p044-b4-t7,3,0,3,1,2177.0,77
p044-b4-t8,6,0,6,1,1487.0,76
p044-b4-t9,6,1,5,0,636.0,75
p044-b5-t1,4,0,4,1,13676.0,94
p044-b5-t10,4,1,3,0,758.0,87
p044-b5-t2,4,1,3,0,1850.0,151
p044-b5-t3,4,1,3,0,737.0,62
p044-b5-t4,2,0,2,1,2311.0,52
p044-b5-t5,4,1,3,0,602.0,81
p044-b5-t6,4,1,3,0,595.0,175
p044-b5-t7,4,1,3,0,1090.0,82
p044-b5-t8,4,1,3,0,856.0,140
p044-b5-t9,2,0,2,1,876.0,48
p044-b6-t1,4,1,3,0,1139.0,82
p044-b6-t10,7,0,7,1,1453.0,36
p044-b6-t2,4,1,3,0,548.0,107
p044-b6-t3,4,1,3,0,730.0,60
p044-b6-t4,1,1,0,0,1427.0,141
p044-b6-t5,5,1,4,0,777.0,28
p044-b6-t6,1,0,1,1,3510.0,89
p044-b6-t7,4,1,3,0,1023.0,128
p044-b6-t8,4,1,3,0,804.0,149
p044-b6-t9,3,0,3,1,2679.0,108
p045-b1-t1,1,0,1,1,1072.0,133
p045-b1-t10,7,1,6,0,709.0,249
p045-b1-t3,7,0,7,1,964.0,169
p045-b1-t4,5,1,4,0,885.0,149
p045-b1-t5,5,1,4,0,1219.0,225
p045-b1-t6,4,1,3,0,1159.0,154
p045-b1-t7,4,0,4,1,964.0,211
p045-b1-t8,3,1,2,0,2204.0,266
p045-b1-t9,3,0,3,1,669.0,170
p045-b2-t1,0,0,0,1,963.0,190
p045-b2-t10,4,1,3,0,2164.0,147
p045-b2-t2,4,0,4,1,13672.0,183
p045-b2-t3,4,1,3,0,1139.0,267
p045-b2-t5,5,1,4,0,1151.0,260
p045-b2-t6,4,1,3,0,716.0,297
p045-b2-t8,4,1,3,0,938.0,228
p045-b2-t9,4,1,3,0,1152.0,150
p045-b3-t1,4,1,3,0,1273.0,144
p045-b3-t10,2,1,1,0,864.0,90
p045-b3-t2,3,0,3,1,1648.0,159
p045-b3-t3,6,1,5,0,2532.0,114
p045-b3-t4,5,1,4,0,770.0,121
p045-b3-t5,3,0,3,1,1091.0,158
p045-b3-t6,4,1,3,0,1743.0,165
p045-b3-t7,6,1,5,0,1541.0,154
p045-b3-t9,7,0,7,1,963.0,110
p045-b4-t1,4,1,3,0,836.0,108
p045-b4-t10,7,0,7,1,2572.0,114
p045-b4-t2,7,1,6,0,1044.0,117
p045-b4-t3,4,1,3,0,1386.0,49
p045-b4-t4,4,1,3,0,1030.0,138
p045-b4-t5,4,1,3,0,903.0,148
p045-b4-t6,4,1,3,0,980.0,71
p045-b4-t7,1,0,1,1,5989.0,123
p045-b4-t8,4,1,3,0,817.0,201
p045-b4-t9,4,0,4,1,3443.0,85
p045-b5-t1,4,1,3,0,1413.0,38
p045-b5-t10,3,0,3,1,1339.0,149
p045-b5-t2,4,1,3,0,938.0,102
p045-b5-t3,7,0,7,1,6851.0,78
p045-b5-t4,5,1,4,0,951.0,88
p045-b5-t5,3,1,2,0,910.0,121
p045-b5-t6,3,0,3,1,1139.0,110
p045-b5-t7,3,0,3,1,929.0,103
p045-b5-t8,2,1,1,0,974.0,112
p045-b5-t9,2,1,1,0,1540.0,150
p045-b6-t1,4,1,3,0,1640.0,47
p045-b6-t10,4,1,3,0,1011.0,28
p045-b6-t2,4,1,3,0,1219.0,66
p045-b6-t3,7,1,6,0,1299.0,109
p045-b6-t4,4,1,3,0,924.0,190
p045-b6-t5,2,0,2,1,1012.0,96
p045-b6-t6,6,1,5,0,1647.0,108
p045-b6-t7,4,1,3,0,811.0,73
p045-b6-t8,4,1,3,0,1547.0,76
p045-b6-t9,2,1,1,0,1180.0,40
p046-b1-t1,2,1,1,0,763.0,156
p046-b1-t10,3,1,2,0,2464.0,41
p046-b1-t3,1,1,0,0,957.0,106
p046-b1-t4,3,1,2,0,1065.0,81
p046-b1-t5,4,0,4,1,1098.0,33
p046-b1-t6,3,0,3,1,931.0,58
p046-b1-t7,4,1,3,0,3490.0,116
p046-b1-t8,6,0,6,1,851.0,60
p046-b1-t9,6,1,5,0,3965.0,51
p046-b2-t1,2,0,2,1,1459.0,69
p046-b2-t10,2,0,2,1,3416.0,65
p046-b2-t2,4,1,3,0,3791.0,114
p046-b2-t3,4,1,3,0,1861.0,42
p046-b2-t4,6,1,5,0,2236.0,92
p046-b2-t5,4,1,3,0,1976.0,131
p046-b2-t6,5,0,5,1,4589.0,32
p046-b2-t7,4,1,3,0,2298.0,63
p046-b2-t8,5,1,4,0,4641.0,52
p046-b2-t9,6,0,6,1,1097.0,62
p046-b3-t1,4,1,3,0,864.0,79
p046-b3-t10,4,0,4,1,482.0,60
p046-b3-t2,5,1,4,0,2163.0,69
p046-b3-t3,2,0,2,1,2224.0,88
p046-b3-t4,4,1,3,0,1701.0,76
p046-b3-t5,7,0,7,1,978.0,60
p046-b3-t6,4,1,3,0,1352.0,42
p046-b3-t7,3,1,2,0,1158.0,85
p046-b3-t8,6,1,5,0,770.0,33
p046-b3-t9,4,1,3,0,870.0,147
p046-b4-t1,6,1,5,0,871.0,14
p046-b4-t10,4,1,3,0,1238.0,66
p046-b4-t2,4,1,3,0,1019.0,41
p046-b4-t3,2,0,2,1,2010.0,38
p046-b4-t4,5,0,5,1,2404.0,36
p046-b4-t5,4,1,3,0,851.0,99
p046-b4-t6,3,0,3,1,1633.0,140
p046-b4-t7,3,1,2,0,5418.0,95
p046-b4-t8,5,1,4,0,1835.0,82
p046-b5-t1,4,0,4,1,2010.0,39
p046-b5-t10,7,0,7,1,1171.0,35
p046-b5-t2,3,1,2,0,2841.0,35
p046-b5-t3,3,0,3,1,2143.0,28
p046-b5-t4,2,1,1,0,1198.0,130
p046-b5-t5,2,0,2,1,843.0,66
p046-b5-t6,5,0,5,1,1178.0,136
p046-b5-t7,7,0,7,1,1493.0,61
p046-b5-t8,1,1,0,0,1299.0,42
p046-b5-t9,5,0,5,1,996.0,30
p046-b6-t1,7,0,7,1,629.0,24
p046-b6-t10,4,1,3,0,602.0,39
p046-b6-t2,4,1,3,0,1875.0,78
p046-b6-t3,7,0,7,1,2170.0,62
p046-b6-t4,2,1,1,0,2197.0,52
p046-b6-t5,0,0,0,1,3677.0,19
p046-b6-t6,2,1,1,0,1137.0,47
p046-b6-t7,4,1,3,0,1842.0,127
p046-b6-t8,3,1,2,0,1446.0,53
p046-b6-t9,3,0,3,1,2799.0,105
p047-b1-t1,4,1,3,0,1065.0,59
p047-b1-t10,5,1,4,0,736.0,86
p047-b1-t2,4,1,3,0,1380.0,34
p047-b1-t3,3,0,3,1,1025.0,100
p047-b1-t4,3,0,3,1,910.0,194
p047-b1-t5,6,0,6,1,1273.0,82
p047-b1-t6,4,1,3,0,797.0,122
p047-b1-t7,4,1,3,0,1245.0,118
p047-b1-t8,4,0,4,1,810.0,214
p047-b1-t9,7,0,7,1,1487.0,63
p047-b2-t1,3,0,3,1,1728.0,83
p047-b2-t10,2,1,1,0,831.0,84
p047-b2-t2,0,0,0,1,931.0,121
p047-b2-t3,0,0,0,1,688.0,87
p047-b2-t4,4,1,3,0,623.0,128
p047-b2-t5,4,0,4,1,810.0,84
p047-b2-t6,3,0,3,1,723.0,182
p047-b2-t7,7,0,7,1,1184.0,117
p047-b2-t8,3,1,2,0,939.0,188
p047-b2-t9,4,1,3,0,1140.0,94
p047-b3-t1,2,0,2,1,1466.0,56
p047-b3-t10,1,1,0,0,1446.0,38
p047-b3-t2,2,1,1,0,910.0,90
p047-b3-t3,3,0,3,1,1219.0,79
p047-b3-t4,3,0,3,1,1192.0,106
p047-b3-t5,4,1,3,0,1367.0,79
p047-b3-t6,6,1,5,0,2699.0,49
p047-b3-t7,3,0,3,1,685.0,147
p047-b3-t8,3,0,3,1,1045.0,128
p047-b3-t9,4,1,3,0,1078.0,54
p047-b4-t1,1,0,1,1,998.0,154
p047-b4-t10,5,0,5,1,2083.0,47
p047-b4-t2,2,1,1,0,1647.0,97
p047-b4-t3,6,1,5,0,1666.0,128
p047-b4-t4,3,0,3,1,750.0,89
p047-b4-t5,4,1,3,0,1117.0,88
p047-b4-t6,4,1,3,0,1138.0,147
p047-b4-t7,1,0,1,1,2914.0,76
p047-b4-t8,4,0,4,1,1601.0,107
p047-b4-t9,7,1,6,0,1119.0,91
p047-b5-t1,4,1,3,0,702.0,75
p047-b5-t10,2,0,2,1,770.0,81
p047-b5-t2,5,1,4,0,1586.0,63
p047-b5-t3,3,0,3,1,2833.0,95
p047-b5-t5,2,0,2,1,1306.0,39
p047-b5-t6,7,0,7,1,992.0,38
p047-b5-t7,4,1,3,0,1245.0,31
p047-b5-t8,4,1,3,0,918.0,116
p047-b5-t9,1,0,1,1,2124.0,60
p047-b6-t1,4,1,3,0,1568.0,87
p047-b6-t10,4,0,4,1,1413.0,62
p047-b6-t2,2,1,1,0,1520.0,127
p047-b6-t3,5,1,4,0,2184.0,101
p047-b6-t4,4,1,3,0,1875.0,121
p047-b6-t5,4,1,3,0,1513.0,48
p047-b6-t6,5,1,4,0,1037.0,96
p047-b6-t7,3,0,3,1,1843.0,115
p047-b6-t8,4,1,3,0,1427.0,85
p048-b1-t1,3,1,2,0,2551.0,66
p048-b1-t10,3,1,2,0,1441.0,100
p048-b1-t2,5,1,4,0,1118.0,76
p048-b1-t3,6,0,6,1,1245.0,109
p048-b1-t4,4,1,3,0,1252.0,109
p048-b1-t5,3,0,3,1,1486.0,58
p048-b1-t6,6,1,5,0,1192.0,118
p048-b1-t7,1,1,0,0,1440.0,109
p048-b1-t8,3,1,2,0,989.0,123
p048-b1-t9,3,0,3,1,2157.0,33
p048-b2-t1,2,1,1,0,1338.0,52
p048-b2-t10,4,1,3,0,1093.0,124
p048-b2-t2,6,1,5,0,965.0,101
p048-b2-t3,6,0,6,1,1319.0,82
p048-b2-t4,1,0,1,1,922.0,22
p048-b2-t5,3,0,3,1,924.0,92
p048-b2-t6,7,0,7,1,12759.0,51
p048-b2-t7,3,0,3,1,4756.0,88
p048-b2-t8,4,0,4,1,6496.0,49
p048-b2-t9,4,1,3,0,1091.0,138
p048-b3-t1,2,1,1,0,1374.0,111
p048-b3-t10,3,0,3,1,13349.0,47
p048-b3-t2,6,0,6,1,12123.0,51
p048-b3-t3,2,1,1,0,750.0,139
p048-b3-t4,3,0,3,1,750.0,79
p048-b3-t5,4,1,3,0,998.0,121
p048-b3-t6,4,1,3,0,917.0,111
p048-b3-t7,6,1,5,0,817.0,90
p048-b3-t8,1,1,0,0,1789.0,99
p048-b3-t9,3,0,3,1,917.0,65
p048-b4-t1,5,1,4,0,957.0,107
p048-b4-t10,1,1,0,0,1480.0,107
p048-b4-t2,5,1,4,0,870.0,87
p048-b4-t3,7,0,7,1,6208.0,52
p048-b4-t4,1,0,1,1,12325.0,21
p048-b4-t5,5,1,4,0,823.0,80
p048-b4-t6,3,0,3,1,1659.0,49
p048-b4-t7,0,0,0,1,776.0,94
p048-b4-t8,7,1,6,0,575.0,102
p048-b4-t9,3,1,2,0,608.0,94
p048-b5-t1,4,1,3,0,2163.0,50
p048-b5-t10,5,1,4,0,890.0,102
p048-b5-t2,6,1,5,0,684.0,82
p048-b5-t3,4,1,3,0,810.0,64
p048-b5-t4,3,0,3,1,682.0,75
p048-b5-t5,3,0,3,1,2666.0,96
p048-b5-t6,4,1,3,0,1058.0,98
p048-b5-t7,3,0,3,1,3765.0,54
p048-b5-t8,5,1,4,0,657.0,141
p048-b5-t9,4,1,3,0,890.0,138
p048-b6-t1,3,1,2,0,923.0,110
p048-b6-t10,4,1,3,0,977.0,124
p048-b6-t2,6,1,5,0,750.0,65
p048-b6-t3,5,1,4,0,931.0,136
p048-b6-t4,1,0,1,1,5405.0,154
p048-b6-t5,7,0,7,1,4523.0,81
p048-b6-t6,4,1,3,0,1045.0,94
p048-b6-t7,4,1,3,0,984.0,123
p048-b6-t8,1,0,1,1,8037.0,49
p048-b6-t9,2,1,1,0,1507.0,130
p049-b1-t1,1,1,0,0,1788.0,45
p049-b1-t10,4,1,3,0,1366.0,68
p049-b1-t2,3,0,3,1,1125.0,57
p049-b1-t3,7,0,7,1,770.0,27
p049-b1-t4,1,0,1,1,2571.0,37
p049-b1-t5,1,0,1,1,925.0,42
p049-b1-t6,4,1,3,0,1774.0,76
p049-b1-t7,4,1,3,0,1185.0,64
p049-b1-t8,7,0,7,1,1173.0,59
p049-b1-t9,2,1,1,0,1206.0,31
p049-b2-t1,7,0,7,1,4293.0,18
p049-b2-t10,4,1,3,0,1588.0,28
p049-b2-t2,6,0,6,1,2893.0,30
p049-b2-t3,4,0,4,1,5706.0,21
p049-b2-t4,6,1,5,0,2438.0,27
p049-b2-t5,6,0,6,1,2069.0,22
p049-b2-t6,3,0,3,1,1231.0,21
p049-b2-t7,1,0,1,1,1070.0,17
p049-b2-t8,1,1,0,0,783.0,20
p049-b2-t9,5,1,4,0,1480.0,29
p049-b3-t1,4,1,3,0,771.0,29
p049-b3-t10,2,1,1,0,1151.0,38
p049-b3-t2,4,1,3,0,1266.0,22
p049-b3-t3,3,0,3,1,4254.0,10
p049-b3-t4,4,1,3,0,1815.0,20
p049-b3-t5,4,1,3,0,1461.0,28
p049-b3-t6,4,1,3,0,1950.0,18
p049-b3-t7,4,1,3,0,1198.0,27
p049-b3-t8,4,1,3,0,1949.0,60
p049-b3-t9,4,1,3,0,1808.0,25
p049-b4-t1,7,0,7,1,1266.0,16
p049-b4-t10,4,1,3,0,1178.0,57
p049-b4-t2,1,1,0,0,817.0,19
p049-b4-t3,3,0,3,1,986.0,6
p049-b4-t4,4,1,3,0,1641.0,26
p049-b4-t5,3,0,3,1,2786.0,20
p049-b4-t6,3,0,3,1,1674.0,9
p049-b4-t7,4,1,3,0,1159.0,30
p049-b4-t8,3,0,3,1,1386.0,12
p049-b4-t9,5,1,4,0,1480.0,36
p049-b5-t1,6,1,5,0,1473.0,59
p049-b5-t10,7,0,7,1,1359.0,29
p049-b5-t2,4,1,3,0,969.0,59
p049-b5-t3,7,0,7,1,1292.0,36
p049-b5-t4,3,0,3,1,977.0,45
p049-b5-t5,4,1,3,0,757.0,50
p049-b5-t6,7,0,7,1,1058.0,28
p049-b5-t7,4,1,3,0,2652.0,47
p049-b5-t8,5,1,4,0,1165.0,98
p049-b5-t9,3,0,3,1,5271.0,48
p049-b6-t1,3,0,3,1,1875.0,16
p049-b6-t10,6,1,5,0,924.0,67
p049-b6-t2,3,0,3,1,1807.0,51
p049-b6-t3,3,0,3,1,1567.0,26
p049-b6-t4,4,1,3,0,1239.0,53
p049-b6-t5,1,0,1,1,2163.0,55
p049-b6-t6,3,0,3,1,1695.0,28
p049-b6-t7,6,1,5,0,1773.0,56
p049-b6-t8,6,1,5,0,1928.0,37
p049-b6-t9,3,0,3,1,990.0,44
p050-b1-t1,7,0,7,1,4200.0,99
p050-b1-t10,3,0,3,1,1922.0,90
p050-b1-t2,4,1,3,0,1393.0,151
p050-b1-t3,3,0,3,1,2586.0,98
p050-b1-t4,6,1,5,0,1232.0,113
p050-b1-t5,4,1,3,0,789.0,100
p050-b1-t6,3,0,3,1,1943.0,104
p050-b1-t7,3,0,3,1,804.0,53
p050-b1-t8,2,1,1,0,912.0,56
p050-b1-t9,6,1,5,0,1327.0,99
p050-b2-t1,2,1,1,0,896.0,69
p050-b2-t10,4,1,3,0,1185.0,79
p050-b2-t2,5,1,4,0,1218.0,86
p050-b2-t3,0,0,0,1,1112.0,121
p050-b2-t4,4,1,3,0,963.0,111
p050-b2-t5,4,0,4,1,7588.0,76
p050-b2-t6,5,1,4,0,1272.0,101
p050-b2-t7,2,1,1,0,2143.0,52
p050-b2-t8,3,0,3,1,3756.0,55
p050-b2-t9,4,1,3,0,758.0,55
p050-b3-t1,1,1,0,0,1246.0,30
p050-b3-t10,4,1,3,0,710.0,94
p050-b3-t2,4,1,3,0,851.0,74
p050-b3-t3,4,1,3,0,1153.0,94
p050-b3-t4,3,0,3,1,931.0,115
p050-b3-t5,4,1,3,0,1741.0,88
p050-b3-t6,1,0,1,1,5284.0,100
p050-b3-t7,2,0,2,1,1848.0,55
p050-b3-t8,6,1,5,0,1046.0,57
p050-b3-t9,4,1,3,0,1318.0,72
p050-b4-t1,3,0,3,1,965.0,5
p050-b4-t10,4,1,3,0,683.0,63
p050-b4-t2,4,1,3,0,1836.0,74
p050-b4-t3,1,0,1,1,1747.0,57
p050-b4-t4,2,1,1,0,697.0,69
p050-b4-t5,7,0,7,1,5954.0,32
p050-b4-t6,3,0,3,1,1260.0,73
p050-b4-t7,7,0,7,1,2311.0,17
p050-b4-t8,3,0,3,1,5285.0,55
p050-b4-t9,4,1,3,0,1319.0,73
p050-b5-t1,4,0,4,1,1012.0,19
p050-b5-t10,5,1,4,0,1407.0,106
p050-b5-t2,3,0,3,1,1440.0,31
p050-b5-t3,0,0,0,1,7722.0,15
p050-b5-t4,4,1,3,0,1434.0,55
p050-b5-t5,3,1,2,0,1211.0,74
p050-b5-t6,4,1,3,0,984.0,70
p050-b5-t7,4,1,3,0,1024.0,24
p050-b5-t8,4,1,3,0,816.0,50
p050-b5-t9,6,0,6,1,6966.0,20
p050-b6-t1,4,1,3,0,717.0,66
p050-b6-t10,4,1,3,0,1326.0,84
p050-b6-t2,3,0,3,1,1111.0,59
p050-b6-t3,4,1,3,0,1292.0,113
p050-b6-t4,6,0,6,1,4432.0,32
p050-b6-t5,3,0,3,1,4367.0,24
p050-b6-t6,6,0,6,1,804.0,77
p050-b6-t7,4,1,3,0,1929.0,32
p050-b6-t8,4,1,3,0,1245.0,47
p050-b6-t9,4,1,3,0,1439.0,70
